item_sku,external_product_id,external_product_id_type,item_name,product_description,feed_product_type,brand_name,manufacturer,part_number,item_type,update_delete,model,standard_price,condition_type,condition_note,quantity,list_price,map_price,product_site_launch_date,merchant_release_date,restock_date,fulfillment_latency,product_tax_code,sale_price,sale_from_date,sale_end_date,item_package_quantity,max_aggregate_ship_quantity,offering_can_be_gift_messaged,offering_can_be_giftwrapped,is_discontinued_by_manufacturer,missing_keyset_reason,max_order_quantity,number_of_items,offering_start_date,merchant_shipping_group_name,website_shipping_weight,website_shipping_weight_unit_of_measure,item_display_length,item_display_width,item_display_height,display_dimensions_unit_of_measure,item_display_weight,item_display_weight_unit_of_measure,volume_capacity_name,volume_capacity_name_unit_of_measure,item_height,item_length,item_length_unit_of_measure,item_weight,item_weight_unit_of_measure,item_width,bullet_point1,bullet_point2,bullet_point3,bullet_point4,bullet_point5,target_audience_base,catalog_number,specific_uses_keywords1,specific_uses_keywords2,specific_uses_keywords3,specific_uses_keywords4,specific_uses_keywords5,target_audience_keywords1,target_audience_keywords2,target_audience_keywords3,thesaurus_subject_keywords1,thesaurus_subject_keywords2,thesaurus_subject_keywords3,generic_keywords,main_image_url,swatch_image_url,other_image_url1,other_image_url2,other_image_url3,fulfillment_center_id,package_height,package_width,package_length,package_dimensions_unit_of_measure,package_length_unit_of_measure,package_weight,package_weight_unit_of_measure,parent_child,parent_sku,relationship_type,variation_theme,prop_65,cpsia_cautionary_statement,cpsia_cautionary_description,country_string,country_of_origin,legal_disclaimer_description,safety_warning,energy_efficiency_image_url,lighting_facts_image_url,breed_recommendation,thesaurus_attribute_keywords,special_features,directions,ingredients,material_type,closure_type,compatible_devices,age_range_description,included_features,specific_uses_for_product,color_name,color_map,size_name,size_map,flavor_name,maximum_weight_recommendation,weight_recommendation_unit_of_measure,external_testing_certification,battery_type,number_of_batteries,lithium_battery_weight,wattage,pattern_name,warranty_description,fabric_type,import_designation,country_as_labeled,fur_description,paint_type,number_of_sets,occasion,thread_count,number_of_pieces,item_shape,scent_name,included_components,style_name,usda_hardiness_zone1,usda_hardiness_zone2,specification_met,mfg_minimum,mfg_maximum,material_composition,fill_material_type,light_source_type,blade_edge_type,blade_material_type,theme,power_source_type,voltage,engine_type,hose_length,hose_length_unit_of_measure
AOS_H617,None,UPC,Motor,Motor,OutdoorLiving,A.O. Smith,A.O. Smith,H617,,Update,H617,370.08,New,,0,,,,,,30,,,,,1,,,,False,,,,,,,,None,None,None,,None,,,,,,IN,,LB,,,,,,,,,Pumps,None,None,,,,,,,,,Pumps,https://s3-us-west-1.amazonaws.com/oppics/full/AOS/AOS_H617.jpg,,,,,,,,,,,,,,,,,,,,,,,,,,,,,,,,,,,,,,,,,,,,,,,,,,None,,,,,,,,,,,,,,,,,,,,,,,,,,,,,
AOS_K3202,None,UPC,Motor,Motor,OutdoorLiving,A.O. Smith,A.O. Smith,K3202,,Update,K3202,397.74,New,,0,,,,,,30,,,,,1,,,,False,,,,,,,,None,None,None,,None,,,,,,IN,,LB,,,,,,,,,Pumps,None,None,,,,,,,,,Pumps,https://s3-us-west-1.amazonaws.com/oppics/full/AOS/AOS_K3202.jpg,,,,,,,,,,,,,,,,,,,,,,,,,,,,,,,,,,,,,,,,,,,,,,,,,,None,,,,,,,,,,,,,,,,,,,,,,,,,,,,,
AOS_BG2844A,None,UPC,Motor,Motor,OutdoorLiving,A.O. Smith,A.O. Smith,BG2844A,,Update,BG2844A,528.67,New,,0,,,,,,30,,,,,1,,,,False,,,,,,,,None,None,None,,None,,,,,,IN,,LB,,,,,,,,,Pumps,None,None,,,,,,,,,Pumps,https://s3-us-west-1.amazonaws.com/oppics/full/AOS/AOS_BG2844A.jpg,,,,,,,,,,,,,,,,,,,,,,,,,,,,,,,,,,,,,,,,,,,,,,,,,,None,,,,,,,,,,,,,,,,,,,,,,,,,,,,,
AOS_E118E,None,UPC,Motor,Motor,OutdoorLiving,A.O. Smith,A.O. Smith,E118E,,Update,E118E,427.74,New,,0,,,,,,30,,,,,1,,,,False,,,,,,,,None,None,None,,None,,,,,,IN,,LB,,,,,,,,,Pumps,None,None,,,,,,,,,Pumps,https://s3-us-west-1.amazonaws.com/oppics/full/AOS/AOS_E118E.jpg,,,,,,,,,,,,,,,,,,,,,,,,,,,,,,,,,,,,,,,,,,,,,,,,,,None,,,,,,,,,,,,,,,,,,,,,,,,,,,,,
AOS_Q3072,None,UPC,Motor,Motor,OutdoorLiving,A.O. Smith,A.O. Smith,Q3072,,Update,Q3072,254.63,New,,0,,,,,,30,,,,,1,,,,False,,,,,,,,None,None,None,,None,,,,,,IN,,LB,,,,,,,,,Pumps,None,None,,,,,,,,,Pumps,https://s3-us-west-1.amazonaws.com/oppics/full/AOS/AOS_Q3072.jpg,,,,,,,,,,,,,,,,,,,,,,,,,,,,,,,,,,,,,,,,,,,,,,,,,,None,,,,,,,,,,,,,,,,,,,,,,,,,,,,,
AOS_BN25V1,None,UPC,Motor,Motor,OutdoorLiving,A.O. Smith,A.O. Smith,BN25V1,,Update,BN25V1,161.44,New,,0,,,,,,30,,,,,1,,,,False,,,,,,,,None,None,None,,None,,,,,,IN,,LB,,,,,,,,,Pumps,None,None,,,,,,,,,Pumps,https://s3-us-west-1.amazonaws.com/oppics/full/AOS/AOS_BN25V1.jpg,,,,,,,,,,,,,,,,,,,,,,,,,,,,,,,,,,,,,,,,,,,,,,,,,,None,,,,,,,,,,,,,,,,,,,,,,,,,,,,,
AOS_E378M2,None,UPC,Motor,Motor,OutdoorLiving,A.O. Smith,A.O. Smith,E378M2,,Update,E378M2,1029.81,New,,0,,,,,,30,,,,,1,,,,False,,,,,,,,None,None,None,,None,,,,,,IN,,LB,,,,,,,,,Pumps,None,None,,,,,,,,,Pumps,https://s3-us-west-1.amazonaws.com/oppics/full/AOS/AOS_E378M2.jpg,,,,,,,,,,,,,,,,,,,,,,,,,,,,,,,,,,,,,,,,,,,,,,,,,,None,,,,,,,,,,,,,,,,,,,,,,,,,,,,,
AOS_B973T,None,UPC,Motor,Motor,OutdoorLiving,A.O. Smith,A.O. Smith,B973T,,Update,B973T,427.88,New,,0,,,,,,30,,,,,1,,,,False,,,,,,,,None,None,None,,None,,,,,,IN,,LB,,,,,,,,,Pumps,None,None,,,,,,,,,Pumps,https://s3-us-west-1.amazonaws.com/oppics/full/AOS/AOS_B973T.jpg,,,,,,,,,,,,,,,,,,,,,,,,,,,,,,,,,,,,,,,,,,,,,,,,,,None,,,,,,,,,,,,,,,,,,,,,,,,,,,,,
AOS_UCT1102,None,UPC,Motor,Motor,OutdoorLiving,A.O. Smith,A.O. Smith,UCT1102,,Update,UCT1102,259.19,New,,0,,,,,,30,,,,,1,,,,False,,,,,,,,None,None,None,,None,,,,,,IN,,LB,,,,,,,,,Pumps,None,None,,,,,,,,,Pumps,https://s3-us-west-1.amazonaws.com/oppics/full/AOS/AOS_UCT1102.jpg,,,,,,,,,,,,,,,,,,,,,,,,,,,,,,,,,,,,,,,,,,,,,,,,,,None,,,,,,,,,,,,,,,,,,,,,,,,,,,,,
AOS_H755,None,UPC,Motor,Motor,OutdoorLiving,A.O. Smith,A.O. Smith,H755,,Update,H755,491.06,New,,0,,,,,,30,,,,,1,,,,False,,,,,,,,None,None,None,,None,,,,,,IN,,LB,,,,,,,,,Pumps,None,None,,,,,,,,,Pumps,https://s3-us-west-1.amazonaws.com/oppics/full/AOS/AOS_H755.jpg,,,,,,,,,,,,,,,,,,,,,,,,,,,,,,,,,,,,,,,,,,,,,,,,,,None,,,,,,,,,,,,,,,,,,,,,,,,,,,,,
AOS_BG130A,None,UPC,Motor,Motor,OutdoorLiving,A.O. Smith,A.O. Smith,BG130A,,Update,BG130A,415.6,New,,0,,,,,,30,,,,,1,,,,False,,,,,,,,None,None,None,,None,,,,,,IN,,LB,,,,,,,,,Pumps,None,None,,,,,,,,,Pumps,https://s3-us-west-1.amazonaws.com/oppics/full/AOS/AOS_BG130A.jpg,,,,,,,,,,,,,,,,,,,,,,,,,,,,,,,,,,,,,,,,,,,,,,,,,,None,,,,,,,,,,,,,,,,,,,,,,,,,,,,,
AOS_B855,None,UPC,Motor,Motor,OutdoorLiving,A.O. Smith,A.O. Smith,B855,,Update,B855,310.23,New,,0,,,,,,30,,,,,1,,,,False,,,,,,,,None,None,None,,None,,,,,,IN,,LB,,,,,,,,,Pumps,None,None,,,,,,,,,Pumps,https://s3-us-west-1.amazonaws.com/oppics/full/AOS/AOS_B855.jpg,,,,,,,,,,,,,,,,,,,,,,,,,,,,,,,,,,,,,,,,,,,,,,,,,,None,,,,,,,,,,,,,,,,,,,,,,,,,,,,,
AOS_SQ1102,None,UPC,Motor,Motor,OutdoorLiving,A.O. Smith,A.O. Smith,SQ1102,,Update,SQ1102,237.53,New,,0,,,,,,30,,,,,1,,,,False,,,,,,,,None,None,None,,None,,,,,,IN,,LB,,,,,,,,,Pumps,None,None,,,,,,,,,Pumps,https://s3-us-west-1.amazonaws.com/oppics/full/AOS/AOS_SQ1102.jpg,,,,,,,,,,,,,,,,,,,,,,,,,,,,,,,,,,,,,,,,,,,,,,,,,,None,,,,,,,,,,,,,,,,,,,,,,,,,,,,,
AOS_SK1152,None,UPC,Motor,Motor,OutdoorLiving,A.O. Smith,A.O. Smith,SK1152,,Update,SK1152,302.14,New,,0,,,,,,30,,,,,1,,,,False,,,,,,,,None,None,None,,None,,,,,,IN,,LB,,,,,,,,,Pumps,None,None,,,,,,,,,Pumps,https://s3-us-west-1.amazonaws.com/oppics/full/AOS/AOS_SK1152.jpg,,,,,,,,,,,,,,,,,,,,,,,,,,,,,,,,,,,,,,,,,,,,,,,,,,None,,,,,,,,,,,,,,,,,,,,,,,,,,,,,
AOS_TCP71037,None,UPC,Motor,Motor,OutdoorLiving,A.O. Smith,A.O. Smith,TCP71037,,Update,TCP71037,3762.91,New,,0,,,,,,30,,,,,1,,,,False,,,,,,,,None,None,None,,None,,,,,,IN,,LB,,,,,,,,,Pumps,None,None,,,,,,,,,Pumps,https://s3-us-west-1.amazonaws.com/oppics/full/AOS/AOS_TCP71037.jpg,,,,,,,,,,,,,,,,,,,,,,,,,,,,,,,,,,,,,,,,,,,,,,,,,,None,,,,,,,,,,,,,,,,,,,,,,,,,,,,,
AOS_TCP71034,None,UPC,Motor,Motor,OutdoorLiving,A.O. Smith,A.O. Smith,TCP71034,,Update,TCP71034,1760.55,New,,0,,,,,,30,,,,,1,,,,False,,,,,,,,None,None,None,,None,,,,,,IN,,LB,,,,,,,,,Pumps,None,None,,,,,,,,,Pumps,https://s3-us-west-1.amazonaws.com/oppics/full/AOS/AOS_TCP71034.jpg,,,,,,,,,,,,,,,,,,,,,,,,,,,,,,,,,,,,,,,,,,,,,,,,,,None,,,,,,,,,,,,,,,,,,,,,,,,,,,,,
AOS_P137,None,UPC,Motor,Motor,OutdoorLiving,A.O. Smith,A.O. Smith,P137,,Update,P137,561.76,New,,0,,,,,,30,,,,,1,,,,False,,,,,,,,None,None,None,,None,,,,,,IN,,LB,,,,,,,,,Pumps,None,None,,,,,,,,,Pumps,https://s3-us-west-1.amazonaws.com/oppics/full/AOS/AOS_P137.jpg,,,,,,,,,,,,,,,,,,,,,,,,,,,,,,,,,,,,,,,,,,,,,,,,,,None,,,,,,,,,,,,,,,,,,,,,,,,,,,,,
AOS_TCP71033,None,UPC,Motor,Motor,OutdoorLiving,A.O. Smith,A.O. Smith,TCP71033,,Update,TCP71033,1658.79,New,,0,,,,,,30,,,,,1,,,,False,,,,,,,,None,None,None,,None,,,,,,IN,,LB,,,,,,,,,Pumps,None,None,,,,,,,,,Pumps,https://s3-us-west-1.amazonaws.com/oppics/full/AOS/AOS_TCP71033.jpg,,,,,,,,,,,,,,,,,,,,,,,,,,,,,,,,,,,,,,,,,,,,,,,,,,None,,,,,,,,,,,,,,,,,,,,,,,,,,,,,
AOS_E489E,None,UPC,Motor,Motor,OutdoorLiving,A.O. Smith,A.O. Smith,E489E,,Update,E489E,1509.76,New,,0,,,,,,30,,,,,1,,,,False,,,,,,,,None,None,None,,None,,,,,,IN,,LB,,,,,,,,,Pumps,None,None,,,,,,,,,Pumps,https://s3-us-west-1.amazonaws.com/oppics/full/AOS/AOS_E489E.jpg,,,,,,,,,,,,,,,,,,,,,,,,,,,,,,,,,,,,,,,,,,,,,,,,,,None,,,,,,,,,,,,,,,,,,,,,,,,,,,,,
AOS_P133,None,UPC,Motor,Motor,OutdoorLiving,A.O. Smith,A.O. Smith,P133,,Update,P133,1063.01,New,,0,,,,,,30,,,,,1,,,,False,,,,,,,,None,None,None,,None,,,,,,IN,,LB,,,,,,,,,Pumps,None,None,,,,,,,,,Pumps,https://s3-us-west-1.amazonaws.com/oppics/full/AOS/AOS_P133.jpg,,,,,,,,,,,,,,,,,,,,,,,,,,,,,,,,,,,,,,,,,,,,,,,,,,None,,,,,,,,,,,,,,,,,,,,,,,,,,,,,
AOS_P232,None,UPC,Motor,Motor,OutdoorLiving,A.O. Smith,A.O. Smith,P232,,Update,P232,614.56,New,,0,,,,,,30,,,,,1,,,,False,,,,,,,,None,None,None,,None,,,,,,IN,,LB,,,,,,,,,Pumps,None,None,,,,,,,,,Pumps,https://s3-us-west-1.amazonaws.com/oppics/full/AOS/AOS_P232.jpg,,,,,,,,,,,,,,,,,,,,,,,,,,,,,,,,,,,,,,,,,,,,,,,,,,None,,,,,,,,,,,,,,,,,,,,,,,,,,,,,
AOS_BN37V1,None,UPC,Motor,Motor,OutdoorLiving,A.O. Smith,A.O. Smith,BN37V1,,Update,BN37V1,202.3,New,,0,,,,,,30,,,,,1,,,,False,,,,,,,,None,None,None,,None,,,,,,IN,,LB,,,,,,,,,Pumps,None,None,,,,,,,,,Pumps,https://s3-us-west-1.amazonaws.com/oppics/full/AOS/AOS_BN37V1.jpg,,,,,,,,,,,,,,,,,,,,,,,,,,,,,,,,,,,,,,,,,,,,,,,,,,None,,,,,,,,,,,,,,,,,,,,,,,,,,,,,
AOS_K1030,None,UPC,30+ Pricing,30+ Pricing,OutdoorLiving,A.O. Smith,A.O. Smith,K1030,,Update,K1030,161.08,New,,0,,,,,,30,,,,,1,,,,False,,,,,,,,None,None,None,,None,,,,,,IN,,LB,,,,,,,,,Pumps,None,None,,,,,,,,,Pumps,https://s3-us-west-1.amazonaws.com/oppics/full/AOS/AOS_K1030.jpg,,,,,,,,,,,,,,,,,,,,,,,,,,,,,,,,,,,,,,,,,,,,,,,,,,None,,,,,,,,,,,,,,,,,,,,,,,,,,,,,
AOS_TCP71028,None,UPC,Motor,Motor,OutdoorLiving,A.O. Smith,A.O. Smith,TCP71028,,Update,TCP71028,507.03,New,,0,,,,,,30,,,,,1,,,,False,,,,,,,,None,None,None,,None,,,,,,IN,,LB,,,,,,,,,Pumps,None,None,,,,,,,,,Pumps,https://s3-us-west-1.amazonaws.com/oppics/full/AOS/AOS_TCP71028.jpg,,,,,,,,,,,,,,,,,,,,,,,,,,,,,,,,,,,,,,,,,,,,,,,,,,None,,,,,,,,,,,,,,,,,,,,,,,,,,,,,
AOS_TCP71027,None,UPC,Motor,Motor,OutdoorLiving,A.O. Smith,A.O. Smith,TCP71027,,Update,TCP71027,479.15,New,,0,,,,,,30,,,,,1,,,,False,,,,,,,,None,None,None,,None,,,,,,IN,,LB,,,,,,,,,Pumps,None,None,,,,,,,,,Pumps,https://s3-us-west-1.amazonaws.com/oppics/full/AOS/AOS_TCP71027.jpg,,,,,,,,,,,,,,,,,,,,,,,,,,,,,,,,,,,,,,,,,,,,,,,,,,None,,,,,,,,,,,,,,,,,,,,,,,,,,,,,
AOS_B231SE,None,UPC,Motor,Motor,OutdoorLiving,A.O. Smith,A.O. Smith,B231SE,,Update,B231SE,361.09,New,,0,,,,,,30,,,,,1,,,,False,,,,,,,,None,None,None,,None,,,,,,IN,,LB,,,,,,,,,Pumps,None,None,,,,,,,,,Pumps,https://s3-us-west-1.amazonaws.com/oppics/full/AOS/AOS_B231SE.jpg,,,,,,,,,,,,,,,,,,,,,,,,,,,,,,,,,,,,,,,,,,,,,,,,,,None,,,,,,,,,,,,,,,,,,,,,,,,,,,,,
AOS_TCP11006,None,UPC,Motor,Motor,OutdoorLiving,A.O. Smith,A.O. Smith,TCP11006,,Update,TCP11006,710.9,New,,0,,,,,,30,,,,,1,,,,False,,,,,,,,None,None,None,,None,,,,,,IN,,LB,,,,,,,,,Pumps,None,None,,,,,,,,,Pumps,https://s3-us-west-1.amazonaws.com/oppics/full/AOS/AOS_TCP11006.jpg,,,,,,,,,,,,,,,,,,,,,,,,,,,,,,,,,,,,,,,,,,,,,,,,,,None,,,,,,,,,,,,,,,,,,,,,,,,,,,,,
AOS_N161,None,UPC,Motor,Motor,OutdoorLiving,A.O. Smith,A.O. Smith,N161,,Update,N161,425.11,New,,0,,,,,,30,,,,,1,,,,False,,,,,,,,None,None,None,,None,,,,,,IN,,LB,,,,,,,,,Pumps,None,None,,,,,,,,,Pumps,https://s3-us-west-1.amazonaws.com/oppics/full/AOS/AOS_N161.jpg,,,,,,,,,,,,,,,,,,,,,,,,,,,,,,,,,,,,,,,,,,,,,,,,,,None,,,,,,,,,,,,,,,,,,,,,,,,,,,,,
AOS_N163,None,UPC,Motor,Motor,OutdoorLiving,A.O. Smith,A.O. Smith,N163,,Update,N163,450.33,New,,0,,,,,,30,,,,,1,,,,False,,,,,,,,None,None,None,,None,,,,,,IN,,LB,,,,,,,,,Pumps,None,None,,,,,,,,,Pumps,https://s3-us-west-1.amazonaws.com/oppics/full/AOS/AOS_N163.jpg,,,,,,,,,,,,,,,,,,,,,,,,,,,,,,,,,,,,,,,,,,,,,,,,,,None,,,,,,,,,,,,,,,,,,,,,,,,,,,,,
AOS_P326,None,UPC,Motor,Motor,OutdoorLiving,A.O. Smith,A.O. Smith,P326,,Update,P326,1383.34,New,,0,,,,,,30,,,,,1,,,,False,,,,,,,,None,None,None,,None,,,,,,IN,,LB,,,,,,,,,Pumps,None,None,,,,,,,,,Pumps,https://s3-us-west-1.amazonaws.com/oppics/full/AOS/AOS_P326.jpg,,,,,,,,,,,,,,,,,,,,,,,,,,,,,,,,,,,,,,,,,,,,,,,,,,None,,,,,,,,,,,,,,,,,,,,,,,,,,,,,
AOS_P317M2,None,UPC,Motor,Motor,OutdoorLiving,A.O. Smith,A.O. Smith,P317M2,,Update,P317M2,1060.54,New,,0,,,,,,30,,,,,1,,,,False,,,,,,,,None,None,None,,None,,,,,,IN,,LB,,,,,,,,,Pumps,None,None,,,,,,,,,Pumps,https://s3-us-west-1.amazonaws.com/oppics/full/AOS/AOS_P317M2.jpg,,,,,,,,,,,,,,,,,,,,,,,,,,,,,,,,,,,,,,,,,,,,,,,,,,None,,,,,,,,,,,,,,,,,,,,,,,,,,,,,
AOS_SQS1202R,None,UPC,Motor,Motor,OutdoorLiving,A.O. Smith,A.O. Smith,SQS1202R,,Update,SQS1202R,561.44,New,,0,,,,,,30,,,,,1,,,,False,,,,,,,,None,None,None,,None,,,,,,IN,,LB,,,,,,,,,Pumps,None,None,,,,,,,,,Pumps,https://s3-us-west-1.amazonaws.com/oppics/full/AOS/AOS_SQS1202R.jpg,,,,,,,,,,,,,,,,,,,,,,,,,,,,,,,,,,,,,,,,,,,,,,,,,,None,,,,,,,,,,,,,,,,,,,,,,,,,,,,,
AOS_E158,None,UPC,Motor,Motor,OutdoorLiving,A.O. Smith,A.O. Smith,E158,,Update,E158,308.17,New,,0,,,,,,30,,,,,1,,,,False,,,,,,,,None,None,None,,None,,,,,,IN,,LB,,,,,,,,,Pumps,None,None,,,,,,,,,Pumps,https://s3-us-west-1.amazonaws.com/oppics/full/AOS/AOS_E158.jpg,,,,,,,,,,,,,,,,,,,,,,,,,,,,,,,,,,,,,,,,,,,,,,,,,,None,,,,,,,,,,,,,,,,,,,,,,,,,,,,,
AOS_P229M2,None,UPC,Motor,Motor,OutdoorLiving,A.O. Smith,A.O. Smith,P229M2,,Update,P229M2,661.08,New,,0,,,,,,30,,,,,1,,,,False,,,,,,,,None,None,None,,None,,,,,,IN,,LB,,,,,,,,,Pumps,None,None,,,,,,,,,Pumps,https://s3-us-west-1.amazonaws.com/oppics/full/AOS/AOS_P229M2.jpg,,,,,,,,,,,,,,,,,,,,,,,,,,,,,,,,,,,,,,,,,,,,,,,,,,None,,,,,,,,,,,,,,,,,,,,,,,,,,,,,
AOS_USQG1152A,None,UPC,Motor,Motor,OutdoorLiving,A.O. Smith,A.O. Smith,USQG1152A,,Update,USQG1152A,268.67,New,,0,,,,,,30,,,,,1,,,,False,,,,,,,,None,None,None,,None,,,,,,IN,,LB,,,,,,,,,Pumps,None,None,,,,,,,,,Pumps,https://s3-us-west-1.amazonaws.com/oppics/full/AOS/AOS_USQG1152A.jpg,,,,,,,,,,,,,,,,,,,,,,,,,,,,,,,,,,,,,,,,,,,,,,,,,,None,,,,,,,,,,,,,,,,,,,,,,,,,,,,,
AOS_USQ1102,None,UPC,Motor,Motor,OutdoorLiving,A.O. Smith,A.O. Smith,USQ1102,,Update,USQ1102,204.83,New,,0,,,,,,30,,,,,1,,,,False,,,,,,,,None,None,None,,None,,,,,,IN,,LB,,,,,,,,,Pumps,None,None,,,,,,,,,Pumps,https://s3-us-west-1.amazonaws.com/oppics/full/AOS/AOS_USQ1102.jpg,,,,,,,,,,,,,,,,,,,,,,,,,,,,,,,,,,,,,,,,,,,,,,,,,,None,,,,,,,,,,,,,,,,,,,,,,,,,,,,,
AOS_STG1102A,None,UPC,Motor,Motor,OutdoorLiving,A.O. Smith,A.O. Smith,STG1102A,,Update,STG1102A,256.92,New,,0,,,,,,30,,,,,1,,,,False,,,,,,,,None,None,None,,None,,,,,,IN,,LB,,,,,,,,,Pumps,None,None,,,,,,,,,Pumps,https://s3-us-west-1.amazonaws.com/oppics/full/AOS/AOS_STG1102A.jpg,,,,,,,,,,,,,,,,,,,,,,,,,,,,,,,,,,,,,,,,,,,,,,,,,,None,,,,,,,,,,,,,,,,,,,,,,,,,,,,,
AOS_E157,None,UPC,Motor,Motor,OutdoorLiving,A.O. Smith,A.O. Smith,E157,,Update,E157,292.81,New,,0,,,,,,30,,,,,1,,,,False,,,,,,,,None,None,None,,None,,,,,,IN,,LB,,,,,,,,,Pumps,None,None,,,,,,,,,Pumps,https://s3-us-west-1.amazonaws.com/oppics/full/AOS/AOS_E157.jpg,,,,,,,,,,,,,,,,,,,,,,,,,,,,,,,,,,,,,,,,,,,,,,,,,,None,,,,,,,,,,,,,,,,,,,,,,,,,,,,,
AOS_ECM16SQU,None,UPC,Motor,Motor,OutdoorLiving,A.O. Smith,A.O. Smith,ECM16SQU,,Update,ECM16SQU,578.42,New,,0,,,,,,30,,,,,1,,,,False,,,,,,,,None,None,None,,None,,,,,,IN,,LB,,,,,,,,,Pumps,None,None,,,,,,,,,Pumps,https://s3-us-west-1.amazonaws.com/oppics/full/AOS/AOS_ECM16SQU.jpg,,,,,,,,,,,,,,,,,,,,,,,,,,,,,,,,,,,,,,,,,,,,,,,,,,None,,,,,,,,,,,,,,,,,,,,,,,,,,,,,
AOS_QC1052,None,UPC,Motor,Motor,OutdoorLiving,A.O. Smith,A.O. Smith,QC1052,,Update,QC1052,216.91,New,,0,,,,,,30,,,,,1,,,,False,,,,,,,,None,None,None,,None,,,,,,IN,,LB,,,,,,,,,Pumps,None,None,,,,,,,,,Pumps,https://s3-us-west-1.amazonaws.com/oppics/full/AOS/AOS_QC1052.jpg,,,,,,,,,,,,,,,,,,,,,,,,,,,,,,,,,,,,,,,,,,,,,,,,,,None,,,,,,,,,,,,,,,,,,,,,,,,,,,,,
AOS_UQC1102,None,UPC,Motor,Motor,OutdoorLiving,A.O. Smith,A.O. Smith,UQC1102,,Update,UQC1102,242.81,New,,0,,,,,,30,,,,,1,,,,False,,,,,,,,None,None,None,,None,,,,,,IN,,LB,,,,,,,,,Pumps,None,None,,,,,,,,,Pumps,https://s3-us-west-1.amazonaws.com/oppics/full/AOS/AOS_UQC1102.jpg,,,,,,,,,,,,,,,,,,,,,,,,,,,,,,,,,,,,,,,,,,,,,,,,,,None,,,,,,,,,,,,,,,,,,,,,,,,,,,,,
AOS_HSQ1502,None,UPC,Motor,Motor,OutdoorLiving,A.O. Smith,A.O. Smith,HSQ1502,,Update,HSQ1502,522.56,New,,0,,,,,,30,,,,,1,,,,False,,,,,,,,None,None,None,,None,,,,,,IN,,LB,,,,,,,,,Pumps,None,None,,,,,,,,,Pumps,https://s3-us-west-1.amazonaws.com/oppics/full/AOS/AOS_HSQ1502.jpg,,,,,,,,,,,,,,,,,,,,,,,,,,,,,,,,,,,,,,,,,,,,,,,,,,None,,,,,,,,,,,,,,,,,,,,,,,,,,,,,
AOS_P123,None,UPC,Motor,Motor,OutdoorLiving,A.O. Smith,A.O. Smith,P123,,Update,P123,490.45,New,,0,,,,,,30,,,,,1,,,,False,,,,,,,,None,None,None,,None,,,,,,IN,,LB,,,,,,,,,Pumps,None,None,,,,,,,,,Pumps,https://s3-us-west-1.amazonaws.com/oppics/full/AOS/AOS_P123.jpg,,,,,,,,,,,,,,,,,,,,,,,,,,,,,,,,,,,,,,,,,,,,,,,,,,None,,,,,,,,,,,,,,,,,,,,,,,,,,,,,
AOS_SQG1202A,None,UPC,Motor,Motor,OutdoorLiving,A.O. Smith,A.O. Smith,SQG1202A,,Update,SQG1202A,427.44,New,,0,,,,,,30,,,,,1,,,,False,,,,,,,,None,None,None,,None,,,,,,IN,,LB,,,,,,,,,Pumps,None,None,,,,,,,,,Pumps,https://s3-us-west-1.amazonaws.com/oppics/full/AOS/AOS_SQG1202A.jpg,,,,,,,,,,,,,,,,,,,,,,,,,,,,,,,,,,,,,,,,,,,,,,,,,,None,,,,,,,,,,,,,,,,,,,,,,,,,,,,,
AOS_TCP12029,None,UPC,Motor,Motor,OutdoorLiving,A.O. Smith,A.O. Smith,TCP12029,,Update,TCP12029,459.97,New,,0,,,,,,30,,,,,1,,,,False,,,,,,,,None,None,None,,None,,,,,,IN,,LB,,,,,,,,,Pumps,None,None,,,,,,,,,Pumps,https://s3-us-west-1.amazonaws.com/oppics/full/AOS/AOS_TCP12029.jpg,,,,,,,,,,,,,,,,,,,,,,,,,,,,,,,,,,,,,,,,,,,,,,,,,,None,,,,,,,,,,,,,,,,,,,,,,,,,,,,,
AOS_CPE44,None,UPC,Motor,Motor,OutdoorLiving,A.O. Smith,A.O. Smith,CPE44,,Update,CPE44,1515.78,New,,0,,,,,,30,,,,,1,,,,False,,,,,,,,None,None,None,,None,,,,,,IN,,LB,,,,,,,,,Pumps,None,None,,,,,,,,,Pumps,https://s3-us-west-1.amazonaws.com/oppics/full/AOS/AOS_CPE44.jpg,,,,,,,,,,,,,,,,,,,,,,,,,,,,,,,,,,,,,,,,,,,,,,,,,,None,,,,,,,,,,,,,,,,,,,,,,,,,,,,,
AOS_E371ME,None,UPC,Motor,Motor,OutdoorLiving,A.O. Smith,A.O. Smith,E371ME,,Update,E371ME,796.45,New,,0,,,,,,30,,,,,1,,,,False,,,,,,,,None,None,None,,None,,,,,,IN,,LB,,,,,,,,,Pumps,None,None,,,,,,,,,Pumps,https://s3-us-west-1.amazonaws.com/oppics/full/AOS/AOS_E371ME.jpg,,,,,,,,,,,,,,,,,,,,,,,,,,,,,,,,,,,,,,,,,,,,,,,,,,None,,,,,,,,,,,,,,,,,,,,,,,,,,,,,
AOS_E283M,None,UPC,Motor,Motor,OutdoorLiving,A.O. Smith,A.O. Smith,E283M,,Update,E283M,461.53,New,,0,,,,,,30,,,,,1,,,,False,,,,,,,,None,None,None,,None,,,,,,IN,,LB,,,,,,,,,Pumps,None,None,,,,,,,,,Pumps,https://s3-us-west-1.amazonaws.com/oppics/full/AOS/AOS_E283M.jpg,,,,,,,,,,,,,,,,,,,,,,,,,,,,,,,,,,,,,,,,,,,,,,,,,,None,,,,,,,,,,,,,,,,,,,,,,,,,,,,,
AOS_E492,None,UPC,Motor,Motor,OutdoorLiving,A.O. Smith,A.O. Smith,E492,,Update,E492,1304.9,New,,0,,,,,,30,,,,,1,,,,False,,,,,,,,None,None,None,,None,,,,,,IN,,LB,,,,,,,,,Pumps,None,None,,,,,,,,,Pumps,https://s3-us-west-1.amazonaws.com/oppics/full/AOS/AOS_E492.jpg,,,,,,,,,,,,,,,,,,,,,,,,,,,,,,,,,,,,,,,,,,,,,,,,,,None,,,,,,,,,,,,,,,,,,,,,,,,,,,,,
AOS_BV90,None,UPC,Motor,Motor,OutdoorLiving,A.O. Smith,A.O. Smith,BV90,,Update,BV90,149.6,New,,0,,,,,,30,,,,,1,,,,False,,,,,,,,None,None,None,,None,,,,,,IN,,LB,,,,,,,,,Pumps,None,None,,,,,,,,,Pumps,https://s3-us-west-1.amazonaws.com/oppics/full/AOS/AOS_BV90.jpg,,,,,,,,,,,,,,,,,,,,,,,,,,,,,,,,,,,,,,,,,,,,,,,,,,None,,,,,,,,,,,,,,,,,,,,,,,,,,,,,
AOS_B2848,None,UPC,Motor,Motor,OutdoorLiving,A.O. Smith,A.O. Smith,B2848,,Update,B2848,241.62,New,,0,,,,,,30,,,,,1,,,,False,,,,,,,,None,None,None,,None,,,,,,IN,,LB,,,,,,,,,Pumps,None,None,,,,,,,,,Pumps,https://s3-us-west-1.amazonaws.com/oppics/full/AOS/AOS_B2848.jpg,,,,,,,,,,,,,,,,,,,,,,,,,,,,,,,,,,,,,,,,,,,,,,,,,,None,,,,,,,,,,,,,,,,,,,,,,,,,,,,,
AOS_ST1072,None,UPC,Motor,Motor,OutdoorLiving,A.O. Smith,A.O. Smith,ST1072,,Update,ST1072,199.0,New,,0,,,,,,30,,,,,1,,,,False,,,,,,,,None,None,None,,None,,,,,,IN,,LB,,,,,,,,,Pumps,None,None,,,,,,,,,Pumps,https://s3-us-west-1.amazonaws.com/oppics/full/AOS/AOS_ST1072.jpg,,,,,,,,,,,,,,,,,,,,,,,,,,,,,,,,,,,,,,,,,,,,,,,,,,None,,,,,,,,,,,,,,,,,,,,,,,,,,,,,
AOS_TCP12005,None,UPC,Motor,Motor,OutdoorLiving,A.O. Smith,A.O. Smith,TCP12005,,Update,TCP12005,612.91,New,,0,,,,,,30,,,,,1,,,,False,,,,,,,,None,None,None,,None,,,,,,IN,,LB,,,,,,,,,Pumps,None,None,,,,,,,,,Pumps,https://s3-us-west-1.amazonaws.com/oppics/full/AOS/AOS_TCP12005.jpg,,,,,,,,,,,,,,,,,,,,,,,,,,,,,,,,,,,,,,,,,,,,,,,,,,None,,,,,,,,,,,,,,,,,,,,,,,,,,,,,
AOS_B2841,None,UPC,Motor,Motor,OutdoorLiving,A.O. Smith,A.O. Smith,B2841,,Update,B2841,261.79,New,,0,,,,,,30,,,,,1,,,,False,,,,,,,,None,None,None,,None,,,,,,IN,,LB,,,,,,,,,Pumps,None,None,,,,,,,,,Pumps,https://s3-us-west-1.amazonaws.com/oppics/full/AOS/AOS_B2841.jpg,,,,,,,,,,,,,,,,,,,,,,,,,,,,,,,,,,,,,,,,,,,,,,,,,,None,,,,,,,,,,,,,,,,,,,,,,,,,,,,,
AOS_B2840,None,UPC,Motor,Motor,OutdoorLiving,A.O. Smith,A.O. Smith,B2840,,Update,B2840,377.81,New,,0,,,,,,30,,,,,1,,,,False,,,,,,,,None,None,None,,None,,,,,,IN,,LB,,,,,,,,,Pumps,None,None,,,,,,,,,Pumps,https://s3-us-west-1.amazonaws.com/oppics/full/AOS/AOS_B2840.jpg,,,,,,,,,,,,,,,,,,,,,,,,,,,,,,,,,,,,,,,,,,,,,,,,,,None,,,,,,,,,,,,,,,,,,,,,,,,,,,,,
AOS_E285M,None,UPC,Motor,Motor,OutdoorLiving,A.O. Smith,A.O. Smith,E285M,,Update,E285M,553.9,New,,0,,,,,,30,,,,,1,,,,False,,,,,,,,None,None,None,,None,,,,,,IN,,LB,,,,,,,,,Pumps,None,None,,,,,,,,,Pumps,https://s3-us-west-1.amazonaws.com/oppics/full/AOS/AOS_E285M.jpg,,,,,,,,,,,,,,,,,,,,,,,,,,,,,,,,,,,,,,,,,,,,,,,,,,None,,,,,,,,,,,,,,,,,,,,,,,,,,,,,
AOS_E483M2,None,UPC,Motor,Motor,OutdoorLiving,A.O. Smith,A.O. Smith,E483M2,,Update,E483M2,1250.96,New,,0,,,,,,30,,,,,1,,,,False,,,,,,,,None,None,None,,None,,,,,,IN,,LB,,,,,,,,,Pumps,None,None,,,,,,,,,Pumps,https://s3-us-west-1.amazonaws.com/oppics/full/AOS/AOS_E483M2.jpg,,,,,,,,,,,,,,,,,,,,,,,,,,,,,,,,,,,,,,,,,,,,,,,,,,None,,,,,,,,,,,,,,,,,,,,,,,,,,,,,
AOS_UQS1152R,None,UPC,Motor,Motor,OutdoorLiving,A.O. Smith,A.O. Smith,UQS1152R,,Update,UQS1152R,370.99,New,,0,,,,,,30,,,,,1,,,,False,,,,,,,,None,None,None,,None,,,,,,IN,,LB,,,,,,,,,Pumps,None,None,,,,,,,,,Pumps,https://s3-us-west-1.amazonaws.com/oppics/full/AOS/AOS_UQS1152R.jpg,,,,,,,,,,,,,,,,,,,,,,,,,,,,,,,,,,,,,,,,,,,,,,,,,,None,,,,,,,,,,,,,,,,,,,,,,,,,,,,,
AOS_SQ1072,None,UPC,Motor,Motor,OutdoorLiving,A.O. Smith,A.O. Smith,SQ1072,,Update,SQ1072,204.83,New,,0,,,,,,30,,,,,1,,,,False,,,,,,,,None,None,None,,None,,,,,,IN,,LB,,,,,,,,,Pumps,None,None,,,,,,,,,Pumps,https://s3-us-west-1.amazonaws.com/oppics/full/AOS/AOS_SQ1072.jpg,,,,,,,,,,,,,,,,,,,,,,,,,,,,,,,,,,,,,,,,,,,,,,,,,,None,,,,,,,,,,,,,,,,,,,,,,,,,,,,,
AOS_UST1102,None,UPC,Motor,Motor,OutdoorLiving,A.O. Smith,A.O. Smith,UST1102,,Update,UST1102,199.0,New,,0,,,,,,30,,,,,1,,,,False,,,,,,,,None,None,None,,None,,,,,,IN,,LB,,,,,,,,,Pumps,None,None,,,,,,,,,Pumps,https://s3-us-west-1.amazonaws.com/oppics/full/AOS/AOS_UST1102.jpg,,,,,,,,,,,,,,,,,,,,,,,,,,,,,,,,,,,,,,,,,,,,,,,,,,None,,,,,,,,,,,,,,,,,,,,,,,,,,,,,
AOS_CPE43,None,UPC,Motor,Motor,OutdoorLiving,A.O. Smith,A.O. Smith,CPE43,,Update,CPE43,1379.82,New,,0,,,,,,30,,,,,1,,,,False,,,,,,,,None,None,None,,None,,,,,,IN,,LB,,,,,,,,,Pumps,None,None,,,,,,,,,Pumps,https://s3-us-west-1.amazonaws.com/oppics/full/AOS/AOS_CPE43.jpg,,,,,,,,,,,,,,,,,,,,,,,,,,,,,,,,,,,,,,,,,,,,,,,,,,None,,,,,,,,,,,,,,,,,,,,,,,,,,,,,
AOS_E282RF,None,UPC,Motor,Motor,OutdoorLiving,A.O. Smith,A.O. Smith,E282RF,,Update,E282RF,481.84,New,,0,,,,,,30,,,,,1,,,,False,,,,,,,,None,None,None,,None,,,,,,IN,,LB,,,,,,,,,Pumps,None,None,,,,,,,,,Pumps,https://s3-us-west-1.amazonaws.com/oppics/full/AOS/AOS_E282RF.jpg,,,,,,,,,,,,,,,,,,,,,,,,,,,,,,,,,,,,,,,,,,,,,,,,,,None,,,,,,,,,,,,,,,,,,,,,,,,,,,,,
AOS_P212,None,UPC,Motor,Motor,OutdoorLiving,A.O. Smith,A.O. Smith,P212,,Update,P212,1153.93,New,,0,,,,,,30,,,,,1,,,,False,,,,,,,,None,None,None,,None,,,,,,IN,,LB,,,,,,,,,Pumps,None,None,,,,,,,,,Pumps,https://s3-us-west-1.amazonaws.com/oppics/full/AOS/AOS_P212.jpg,,,,,,,,,,,,,,,,,,,,,,,,,,,,,,,,,,,,,,,,,,,,,,,,,,None,,,,,,,,,,,,,,,,,,,,,,,,,,,,,
AOS_N209,None,UPC,Motor,Motor,OutdoorLiving,A.O. Smith,A.O. Smith,N209,,Update,N209,1123.82,New,,0,,,,,,30,,,,,1,,,,False,,,,,,,,None,None,None,,None,,,,,,IN,,LB,,,,,,,,,Pumps,None,None,,,,,,,,,Pumps,https://s3-us-west-1.amazonaws.com/oppics/full/AOS/AOS_N209.jpg,,,,,,,,,,,,,,,,,,,,,,,,,,,,,,,,,,,,,,,,,,,,,,,,,,None,,,,,,,,,,,,,,,,,,,,,,,,,,,,,
AOS_SQL1072R,None,UPC,Motor,Motor,OutdoorLiving,A.O. Smith,A.O. Smith,SQL1072R,,Update,SQL1072R,364.47,New,,0,,,,,,30,,,,,1,,,,False,,,,,,,,None,None,None,,None,,,,,,IN,,LB,,,,,,,,,Pumps,None,None,,,,,,,,,Pumps,https://s3-us-west-1.amazonaws.com/oppics/full/AOS/AOS_SQL1072R.jpg,,,,,,,,,,,,,,,,,,,,,,,,,,,,,,,,,,,,,,,,,,,,,,,,,,None,,,,,,,,,,,,,,,,,,,,,,,,,,,,,
AOS_CPE40,None,UPC,Motor,Motor,OutdoorLiving,A.O. Smith,A.O. Smith,CPE40,,Update,CPE40,1658.79,New,,0,,,,,,30,,,,,1,,,,False,,,,,,,,None,None,None,,None,,,,,,IN,,LB,,,,,,,,,Pumps,None,None,,,,,,,,,Pumps,https://s3-us-west-1.amazonaws.com/oppics/full/AOS/AOS_CPE40.jpg,,,,,,,,,,,,,,,,,,,,,,,,,,,,,,,,,,,,,,,,,,,,,,,,,,None,,,,,,,,,,,,,,,,,,,,,,,,,,,,,
AOS_P231M2,None,UPC,Motor,Motor,OutdoorLiving,A.O. Smith,A.O. Smith,P231M2,,Update,P231M2,882.01,New,,0,,,,,,30,,,,,1,,,,False,,,,,,,,None,None,None,,None,,,,,,IN,,LB,,,,,,,,,Pumps,None,None,,,,,,,,,Pumps,https://s3-us-west-1.amazonaws.com/oppics/full/AOS/AOS_P231M2.jpg,,,,,,,,,,,,,,,,,,,,,,,,,,,,,,,,,,,,,,,,,,,,,,,,,,None,,,,,,,,,,,,,,,,,,,,,,,,,,,,,
AOS_B2975T,None,UPC,Motor,Motor,OutdoorLiving,A.O. Smith,A.O. Smith,B2975T,,Update,B2975T,442.69,New,,0,,,,,,30,,,,,1,,,,False,,,,,,,,None,None,None,,None,,,,,,IN,,LB,,,,,,,,,Pumps,None,None,,,,,,,,,Pumps,https://s3-us-west-1.amazonaws.com/oppics/full/AOS/AOS_B2975T.jpg,,,,,,,,,,,,,,,,,,,,,,,,,,,,,,,,,,,,,,,,,,,,,,,,,,None,,,,,,,,,,,,,,,,,,,,,,,,,,,,,
AOS_E489,None,UPC,Motor,Motor,OutdoorLiving,A.O. Smith,A.O. Smith,E489,,Update,E489,1288.88,New,,0,,,,,,30,,,,,1,,,,False,,,,,,,,None,None,None,,None,,,,,,IN,,LB,,,,,,,,,Pumps,None,None,,,,,,,,,Pumps,https://s3-us-west-1.amazonaws.com/oppics/full/AOS/AOS_E489.jpg,,,,,,,,,,,,,,,,,,,,,,,,,,,,,,,,,,,,,,,,,,,,,,,,,,None,,,,,,,,,,,,,,,,,,,,,,,,,,,,,
AOS_E488,None,UPC,Motor,Motor,OutdoorLiving,A.O. Smith,A.O. Smith,E488,,Update,E488,1288.88,New,,0,,,,,,30,,,,,1,,,,False,,,,,,,,None,None,None,,None,,,,,,IN,,LB,,,,,,,,,Pumps,None,None,,,,,,,,,Pumps,https://s3-us-west-1.amazonaws.com/oppics/full/AOS/AOS_E488.jpg,,,,,,,,,,,,,,,,,,,,,,,,,,,,,,,,,,,,,,,,,,,,,,,,,,None,,,,,,,,,,,,,,,,,,,,,,,,,,,,,
AOS_CPE50,None,UPC,Motor,Motor,OutdoorLiving,A.O. Smith,A.O. Smith,CPE50,,Update,CPE50,2776.72,New,,0,,,,,,30,,,,,1,,,,False,,,,,,,,None,None,None,,None,,,,,,IN,,LB,,,,,,,,,Pumps,None,None,,,,,,,,,Pumps,https://s3-us-west-1.amazonaws.com/oppics/full/AOS/AOS_CPE50.jpg,,,,,,,,,,,,,,,,,,,,,,,,,,,,,,,,,,,,,,,,,,,,,,,,,,None,,,,,,,,,,,,,,,,,,,,,,,,,,,,,
AOS_CPE52,None,UPC,Motor,Motor,OutdoorLiving,A.O. Smith,A.O. Smith,CPE52,,Update,CPE52,2392.05,New,,0,,,,,,30,,,,,1,,,,False,,,,,,,,None,None,None,,None,,,,,,IN,,LB,,,,,,,,,Pumps,None,None,,,,,,,,,Pumps,https://s3-us-west-1.amazonaws.com/oppics/full/AOS/AOS_CPE52.jpg,,,,,,,,,,,,,,,,,,,,,,,,,,,,,,,,,,,,,,,,,,,,,,,,,,None,,,,,,,,,,,,,,,,,,,,,,,,,,,,,
AOS_CPE55,None,UPC,Motor,Motor,OutdoorLiving,A.O. Smith,A.O. Smith,CPE55,,Update,CPE55,2705.83,New,,0,,,,,,30,,,,,1,,,,False,,,,,,,,None,None,None,,None,,,,,,IN,,LB,,,,,,,,,Pumps,None,None,,,,,,,,,Pumps,https://s3-us-west-1.amazonaws.com/oppics/full/AOS/AOS_CPE55.jpg,,,,,,,,,,,,,,,,,,,,,,,,,,,,,,,,,,,,,,,,,,,,,,,,,,None,,,,,,,,,,,,,,,,,,,,,,,,,,,,,
AOS_CPE56,None,UPC,Motor,Motor,OutdoorLiving,A.O. Smith,A.O. Smith,CPE56,,Update,CPE56,2705.83,New,,0,,,,,,30,,,,,1,,,,False,,,,,,,,None,None,None,,None,,,,,,IN,,LB,,,,,,,,,Pumps,None,None,,,,,,,,,Pumps,https://s3-us-west-1.amazonaws.com/oppics/full/AOS/AOS_CPE56.jpg,,,,,,,,,,,,,,,,,,,,,,,,,,,,,,,,,,,,,,,,,,,,,,,,,,None,,,,,,,,,,,,,,,,,,,,,,,,,,,,,
AOS_CPE57,None,UPC,Motor,Motor,OutdoorLiving,A.O. Smith,A.O. Smith,CPE57,,Update,CPE57,2994.2,New,,0,,,,,,30,,,,,1,,,,False,,,,,,,,None,None,None,,None,,,,,,IN,,LB,,,,,,,,,Pumps,None,None,,,,,,,,,Pumps,https://s3-us-west-1.amazonaws.com/oppics/full/AOS/AOS_CPE57.jpg,,,,,,,,,,,,,,,,,,,,,,,,,,,,,,,,,,,,,,,,,,,,,,,,,,None,,,,,,,,,,,,,,,,,,,,,,,,,,,,,
AOS_B2858,None,UPC,Motor,Motor,OutdoorLiving,A.O. Smith,A.O. Smith,B2858,,Update,B2858,327.19,New,,0,,,,,,30,,,,,1,,,,False,,,,,,,,None,None,None,,None,,,,,,IN,,LB,,,,,,,,,Pumps,None,None,,,,,,,,,Pumps,https://s3-us-west-1.amazonaws.com/oppics/full/AOS/AOS_B2858.jpg,,,,,,,,,,,,,,,,,,,,,,,,,,,,,,,,,,,,,,,,,,,,,,,,,,None,,,,,,,,,,,,,,,,,,,,,,,,,,,,,
AOS_BN35SS,None,UPC,Motor,Motor,OutdoorLiving,A.O. Smith,A.O. Smith,BN35SS,,Update,BN35SS,187.33,New,,0,,,,,,30,,,,,1,,,,False,,,,,,,,None,None,None,,None,,,,,,IN,,LB,,,,,,,,,Pumps,None,None,,,,,,,,,Pumps,https://s3-us-west-1.amazonaws.com/oppics/full/AOS/AOS_BN35SS.jpg,,,,,,,,,,,,,,,,,,,,,,,,,,,,,,,,,,,,,,,,,,,,,,,,,,None,,,,,,,,,,,,,,,,,,,,,,,,,,,,,
AOS_P326M2,None,UPC,Motor,Motor,OutdoorLiving,A.O. Smith,A.O. Smith,P326M2,,Update,P326M2,1383.34,New,,0,,,,,,30,,,,,1,,,,False,,,,,,,,None,None,None,,None,,,,,,IN,,LB,,,,,,,,,Pumps,None,None,,,,,,,,,Pumps,https://s3-us-west-1.amazonaws.com/oppics/full/AOS/AOS_P326M2.jpg,,,,,,,,,,,,,,,,,,,,,,,,,,,,,,,,,,,,,,,,,,,,,,,,,,None,,,,,,,,,,,,,,,,,,,,,,,,,,,,,
AOS_CPO17,None,UPC,Motor,Motor,OutdoorLiving,A.O. Smith,A.O. Smith,CPO17,,Update,CPO17,535.63,New,,0,,,,,,30,,,,,1,,,,False,,,,,,,,None,None,None,,None,,,,,,IN,,LB,,,,,,,,,Pumps,None,None,,,,,,,,,Pumps,https://s3-us-west-1.amazonaws.com/oppics/full/AOS/AOS_CPO17.jpg,,,,,,,,,,,,,,,,,,,,,,,,,,,,,,,,,,,,,,,,,,,,,,,,,,None,,,,,,,,,,,,,,,,,,,,,,,,,,,,,
AOS_CPO14,None,UPC,Motor,Motor,OutdoorLiving,A.O. Smith,A.O. Smith,CPO14,,Update,CPO14,501.5,New,,0,,,,,,30,,,,,1,,,,False,,,,,,,,None,None,None,,None,,,,,,IN,,LB,,,,,,,,,Pumps,None,None,,,,,,,,,Pumps,https://s3-us-west-1.amazonaws.com/oppics/full/AOS/AOS_CPO14.jpg,,,,,,,,,,,,,,,,,,,,,,,,,,,,,,,,,,,,,,,,,,,,,,,,,,None,,,,,,,,,,,,,,,,,,,,,,,,,,,,,
AOS_N424,None,UPC,Motor,Motor,OutdoorLiving,A.O. Smith,A.O. Smith,N424,,Update,N424,1658.79,New,,0,,,,,,30,,,,,1,,,,False,,,,,,,,None,None,None,,None,,,,,,IN,,LB,,,,,,,,,Pumps,None,None,,,,,,,,,Pumps,https://s3-us-west-1.amazonaws.com/oppics/full/AOS/AOS_N424.jpg,,,,,,,,,,,,,,,,,,,,,,,,,,,,,,,,,,,,,,,,,,,,,,,,,,None,,,,,,,,,,,,,,,,,,,,,,,,,,,,,
AOS_CPO18,None,UPC,Motor,Motor,OutdoorLiving,A.O. Smith,A.O. Smith,CPO18,,Update,CPO18,563.03,New,,0,,,,,,30,,,,,1,,,,False,,,,,,,,None,None,None,,None,,,,,,IN,,LB,,,,,,,,,Pumps,None,None,,,,,,,,,Pumps,https://s3-us-west-1.amazonaws.com/oppics/full/AOS/AOS_CPO18.jpg,,,,,,,,,,,,,,,,,,,,,,,,,,,,,,,,,,,,,,,,,,,,,,,,,,None,,,,,,,,,,,,,,,,,,,,,,,,,,,,,
AOS_CPO19,None,UPC,Motor,Motor,OutdoorLiving,A.O. Smith,A.O. Smith,CPO19,,Update,CPO19,572.19,New,,0,,,,,,30,,,,,1,,,,False,,,,,,,,None,None,None,,None,,,,,,IN,,LB,,,,,,,,,Pumps,None,None,,,,,,,,,Pumps,https://s3-us-west-1.amazonaws.com/oppics/full/AOS/AOS_CPO19.jpg,,,,,,,,,,,,,,,,,,,,,,,,,,,,,,,,,,,,,,,,,,,,,,,,,,None,,,,,,,,,,,,,,,,,,,,,,,,,,,,,
AOS_TCP71035,None,UPC,Motor,Motor,OutdoorLiving,A.O. Smith,A.O. Smith,TCP71035,,Update,TCP71035,2776.72,New,,0,,,,,,30,,,,,1,,,,False,,,,,,,,None,None,None,,None,,,,,,IN,,LB,,,,,,,,,Pumps,None,None,,,,,,,,,Pumps,https://s3-us-west-1.amazonaws.com/oppics/full/AOS/AOS_TCP71035.jpg,,,,,,,,,,,,,,,,,,,,,,,,,,,,,,,,,,,,,,,,,,,,,,,,,,None,,,,,,,,,,,,,,,,,,,,,,,,,,,,,
AOS_P228M2,None,UPC,Motor,Motor,OutdoorLiving,A.O. Smith,A.O. Smith,P228M2,,Update,P228M2,607.97,New,,0,,,,,,30,,,,,1,,,,False,,,,,,,,None,None,None,,None,,,,,,IN,,LB,,,,,,,,,Pumps,None,None,,,,,,,,,Pumps,https://s3-us-west-1.amazonaws.com/oppics/full/AOS/AOS_P228M2.jpg,,,,,,,,,,,,,,,,,,,,,,,,,,,,,,,,,,,,,,,,,,,,,,,,,,None,,,,,,,,,,,,,,,,,,,,,,,,,,,,,
AOS_H514,None,UPC,Motor,Motor,OutdoorLiving,A.O. Smith,A.O. Smith,H514,,Update,H514,285.36,New,,0,,,,,,30,,,,,1,,,,False,,,,,,,,None,None,None,,None,,,,,,IN,,LB,,,,,,,,,Pumps,None,None,,,,,,,,,Pumps,https://s3-us-west-1.amazonaws.com/oppics/full/AOS/AOS_H514.jpg,,,,,,,,,,,,,,,,,,,,,,,,,,,,,,,,,,,,,,,,,,,,,,,,,,None,,,,,,,,,,,,,,,,,,,,,,,,,,,,,
AOS_B809,None,UPC,Motor,Motor,OutdoorLiving,A.O. Smith,A.O. Smith,B809,,Update,B809,428.41,New,,0,,,,,,30,,,,,1,,,,False,,,,,,,,None,None,None,,None,,,,,,IN,,LB,,,,,,,,,Pumps,None,None,,,,,,,,,Pumps,https://s3-us-west-1.amazonaws.com/oppics/full/AOS/AOS_B809.jpg,,,,,,,,,,,,,,,,,,,,,,,,,,,,,,,,,,,,,,,,,,,,,,,,,,None,,,,,,,,,,,,,,,,,,,,,,,,,,,,,
AOS_P132,None,UPC,Motor,Motor,OutdoorLiving,A.O. Smith,A.O. Smith,P132,,Update,P132,799.22,New,,0,,,,,,30,,,,,1,,,,False,,,,,,,,None,None,None,,None,,,,,,IN,,LB,,,,,,,,,Pumps,None,None,,,,,,,,,Pumps,https://s3-us-west-1.amazonaws.com/oppics/full/AOS/AOS_P132.jpg,,,,,,,,,,,,,,,,,,,,,,,,,,,,,,,,,,,,,,,,,,,,,,,,,,None,,,,,,,,,,,,,,,,,,,,,,,,,,,,,
AOS_QC1102,None,UPC,Motor,Motor,OutdoorLiving,A.O. Smith,A.O. Smith,QC1102,,Update,QC1102,261.83,New,,0,,,,,,30,,,,,1,,,,False,,,,,,,,None,None,None,,None,,,,,,IN,,LB,,,,,,,,,Pumps,None,None,,,,,,,,,Pumps,https://s3-us-west-1.amazonaws.com/oppics/full/AOS/AOS_QC1102.jpg,,,,,,,,,,,,,,,,,,,,,,,,,,,,,,,,,,,,,,,,,,,,,,,,,,None,,,,,,,,,,,,,,,,,,,,,,,,,,,,,
AOS_P235M2,None,UPC,Motor,Motor,OutdoorLiving,A.O. Smith,A.O. Smith,P235M2,,Update,P235M2,912.82,New,,0,,,,,,30,,,,,1,,,,False,,,,,,,,None,None,None,,None,,,,,,IN,,LB,,,,,,,,,Pumps,None,None,,,,,,,,,Pumps,https://s3-us-west-1.amazonaws.com/oppics/full/AOS/AOS_P235M2.jpg,,,,,,,,,,,,,,,,,,,,,,,,,,,,,,,,,,,,,,,,,,,,,,,,,,None,,,,,,,,,,,,,,,,,,,,,,,,,,,,,
AOS_B2981,None,UPC,Motor,Motor,OutdoorLiving,A.O. Smith,A.O. Smith,B2981,,Update,B2981,326.58,New,,0,,,,,,30,,,,,1,,,,False,,,,,,,,None,None,None,,None,,,,,,IN,,LB,,,,,,,,,Pumps,None,None,,,,,,,,,Pumps,https://s3-us-west-1.amazonaws.com/oppics/full/AOS/AOS_B2981.jpg,,,,,,,,,,,,,,,,,,,,,,,,,,,,,,,,,,,,,,,,,,,,,,,,,,None,,,,,,,,,,,,,,,,,,,,,,,,,,,,,
AOS_B2982,None,UPC,Motor,Motor,OutdoorLiving,A.O. Smith,A.O. Smith,B2982,,Update,B2982,344.92,New,,0,,,,,,30,,,,,1,,,,False,,,,,,,,None,None,None,,None,,,,,,IN,,LB,,,,,,,,,Pumps,None,None,,,,,,,,,Pumps,https://s3-us-west-1.amazonaws.com/oppics/full/AOS/AOS_B2982.jpg,,,,,,,,,,,,,,,,,,,,,,,,,,,,,,,,,,,,,,,,,,,,,,,,,,None,,,,,,,,,,,,,,,,,,,,,,,,,,,,,
AOS_B966,None,UPC,Motor,Motor,OutdoorLiving,A.O. Smith,A.O. Smith,B966,,Update,B966,503.71,New,,0,,,,,,30,,,,,1,,,,False,,,,,,,,None,None,None,,None,,,,,,IN,,LB,,,,,,,,,Pumps,None,None,,,,,,,,,Pumps,https://s3-us-west-1.amazonaws.com/oppics/full/AOS/AOS_B966.jpg,,,,,,,,,,,,,,,,,,,,,,,,,,,,,,,,,,,,,,,,,,,,,,,,,,None,,,,,,,,,,,,,,,,,,,,,,,,,,,,,
AOS_B2984,None,UPC,Motor,Motor,OutdoorLiving,A.O. Smith,A.O. Smith,B2984,,Update,B2984,492.5,New,,0,,,,,,30,,,,,1,,,,False,,,,,,,,None,None,None,,None,,,,,,IN,,LB,,,,,,,,,Pumps,None,None,,,,,,,,,Pumps,https://s3-us-west-1.amazonaws.com/oppics/full/AOS/AOS_B2984.jpg,,,,,,,,,,,,,,,,,,,,,,,,,,,,,,,,,,,,,,,,,,,,,,,,,,None,,,,,,,,,,,,,,,,,,,,,,,,,,,,,
AOS_TCP74010,None,UPC,Motor,Motor,OutdoorLiving,A.O. Smith,A.O. Smith,TCP74010,,Update,TCP74010,2264.89,New,,0,,,,,,30,,,,,1,,,,False,,,,,,,,None,None,None,,None,,,,,,IN,,LB,,,,,,,,,Pumps,None,None,,,,,,,,,Pumps,https://s3-us-west-1.amazonaws.com/oppics/full/AOS/AOS_TCP74010.jpg,,,,,,,,,,,,,,,,,,,,,,,,,,,,,,,,,,,,,,,,,,,,,,,,,,None,,,,,,,,,,,,,,,,,,,,,,,,,,,,,
AOS_USN1102,None,UPC,Motor,Motor,OutdoorLiving,A.O. Smith,A.O. Smith,USN1102,,Update,USN1102,306.38,New,,0,,,,,,30,,,,,1,,,,False,,,,,,,,None,None,None,,None,,,,,,IN,,LB,,,,,,,,,Pumps,None,None,,,,,,,,,Pumps,https://s3-us-west-1.amazonaws.com/oppics/full/AOS/AOS_USN1102.jpg,,,,,,,,,,,,,,,,,,,,,,,,,,,,,,,,,,,,,,,,,,,,,,,,,,None,,,,,,,,,,,,,,,,,,,,,,,,,,,,,
AOS_CPE27,None,UPC,Motor,Motor,OutdoorLiving,A.O. Smith,A.O. Smith,CPE27,,Update,CPE27,744.34,New,,0,,,,,,30,,,,,1,,,,False,,,,,,,,None,None,None,,None,,,,,,IN,,LB,,,,,,,,,Pumps,None,None,,,,,,,,,Pumps,https://s3-us-west-1.amazonaws.com/oppics/full/AOS/AOS_CPE27.jpg,,,,,,,,,,,,,,,,,,,,,,,,,,,,,,,,,,,,,,,,,,,,,,,,,,None,,,,,,,,,,,,,,,,,,,,,,,,,,,,,
AOS_CPE26,None,UPC,Motor,Motor,OutdoorLiving,A.O. Smith,A.O. Smith,CPE26,,Update,CPE26,628.75,New,,0,,,,,,30,,,,,1,,,,False,,,,,,,,None,None,None,,None,,,,,,IN,,LB,,,,,,,,,Pumps,None,None,,,,,,,,,Pumps,https://s3-us-west-1.amazonaws.com/oppics/full/AOS/AOS_CPE26.jpg,,,,,,,,,,,,,,,,,,,,,,,,,,,,,,,,,,,,,,,,,,,,,,,,,,None,,,,,,,,,,,,,,,,,,,,,,,,,,,,,
AOS_ST1052,None,UPC,Motor,Motor,OutdoorLiving,A.O. Smith,A.O. Smith,ST1052,,Update,ST1052,181.84,New,,0,,,,,,30,,,,,1,,,,False,,,,,,,,None,None,None,,None,,,,,,IN,,LB,,,,,,,,,Pumps,None,None,,,,,,,,,Pumps,https://s3-us-west-1.amazonaws.com/oppics/full/AOS/AOS_ST1052.jpg,,,,,,,,,,,,,,,,,,,,,,,,,,,,,,,,,,,,,,,,,,,,,,,,,,None,,,,,,,,,,,,,,,,,,,,,,,,,,,,,
AOS_E172E,None,UPC,Motor,Motor,OutdoorLiving,A.O. Smith,A.O. Smith,E172E,,Update,E172E,402.46,New,,0,,,,,,30,,,,,1,,,,False,,,,,,,,None,None,None,,None,,,,,,IN,,LB,,,,,,,,,Pumps,None,None,,,,,,,,,Pumps,https://s3-us-west-1.amazonaws.com/oppics/full/AOS/AOS_E172E.jpg,,,,,,,,,,,,,,,,,,,,,,,,,,,,,,,,,,,,,,,,,,,,,,,,,,None,,,,,,,,,,,,,,,,,,,,,,,,,,,,,
AOS_H491,None,UPC,Motor,Motor,OutdoorLiving,A.O. Smith,A.O. Smith,H491,,Update,H491,242.83,New,,0,,,,,,30,,,,,1,,,,False,,,,,,,,None,None,None,,None,,,,,,IN,,LB,,,,,,,,,Pumps,None,None,,,,,,,,,Pumps,https://s3-us-west-1.amazonaws.com/oppics/full/AOS/AOS_H491.jpg,,,,,,,,,,,,,,,,,,,,,,,,,,,,,,,,,,,,,,,,,,,,,,,,,,None,,,,,,,,,,,,,,,,,,,,,,,,,,,,,
AOS_TCP74009,None,UPC,Motor,Motor,OutdoorLiving,A.O. Smith,A.O. Smith,TCP74009,,Update,TCP74009,2266.21,New,,0,,,,,,30,,,,,1,,,,False,,,,,,,,None,None,None,,None,,,,,,IN,,LB,,,,,,,,,Pumps,None,None,,,,,,,,,Pumps,https://s3-us-west-1.amazonaws.com/oppics/full/AOS/AOS_TCP74009.jpg,,,,,,,,,,,,,,,,,,,,,,,,,,,,,,,,,,,,,,,,,,,,,,,,,,None,,,,,,,,,,,,,,,,,,,,,,,,,,,,,
AOS_E156RF,None,UPC,Motor,Motor,OutdoorLiving,A.O. Smith,A.O. Smith,E156RF,,Update,E156RF,318.28,New,,0,,,,,,30,,,,,1,,,,False,,,,,,,,None,None,None,,None,,,,,,IN,,LB,,,,,,,,,Pumps,None,None,,,,,,,,,Pumps,https://s3-us-west-1.amazonaws.com/oppics/full/AOS/AOS_E156RF.jpg,,,,,,,,,,,,,,,,,,,,,,,,,,,,,,,,,,,,,,,,,,,,,,,,,,None,,,,,,,,,,,,,,,,,,,,,,,,,,,,,
AOS_CPO24,None,UPC,Motor,Motor,OutdoorLiving,A.O. Smith,A.O. Smith,CPO24,,Update,CPO24,553.91,New,,0,,,,,,30,,,,,1,,,,False,,,,,,,,None,None,None,,None,,,,,,IN,,LB,,,,,,,,,Pumps,None,None,,,,,,,,,Pumps,https://s3-us-west-1.amazonaws.com/oppics/full/AOS/AOS_CPO24.jpg,,,,,,,,,,,,,,,,,,,,,,,,,,,,,,,,,,,,,,,,,,,,,,,,,,None,,,,,,,,,,,,,,,,,,,,,,,,,,,,,
AOS_CK1102,None,UPC,Motor,Motor,OutdoorLiving,A.O. Smith,A.O. Smith,CK1102,,Update,CK1102,287.44,New,,0,,,,,,30,,,,,1,,,,False,,,,,,,,None,None,None,,None,,,,,,IN,,LB,,,,,,,,,Pumps,None,None,,,,,,,,,Pumps,https://s3-us-west-1.amazonaws.com/oppics/full/AOS/AOS_CK1102.jpg,,,,,,,,,,,,,,,,,,,,,,,,,,,,,,,,,,,,,,,,,,,,,,,,,,None,,,,,,,,,,,,,,,,,,,,,,,,,,,,,
AOS_USN1202,None,UPC,Motor,Motor,OutdoorLiving,A.O. Smith,A.O. Smith,USN1202,,Update,USN1202,374.39,New,,0,,,,,,30,,,,,1,,,,False,,,,,,,,None,None,None,,None,,,,,,IN,,LB,,,,,,,,,Pumps,None,None,,,,,,,,,Pumps,https://s3-us-west-1.amazonaws.com/oppics/full/AOS/AOS_USN1202.jpg,,,,,,,,,,,,,,,,,,,,,,,,,,,,,,,,,,,,,,,,,,,,,,,,,,None,,,,,,,,,,,,,,,,,,,,,,,,,,,,,
AOS_B966T,None,UPC,Motor,Motor,OutdoorLiving,A.O. Smith,A.O. Smith,B966T,,Update,B966T,603.01,New,,0,,,,,,30,,,,,1,,,,False,,,,,,,,None,None,None,,None,,,,,,IN,,LB,,,,,,,,,Pumps,None,None,,,,,,,,,Pumps,https://s3-us-west-1.amazonaws.com/oppics/full/AOS/AOS_B966T.jpg,,,,,,,,,,,,,,,,,,,,,,,,,,,,,,,,,,,,,,,,,,,,,,,,,,None,,,,,,,,,,,,,,,,,,,,,,,,,,,,,
AOS_TCP81009,None,UPC,Motor,Motor,OutdoorLiving,A.O. Smith,A.O. Smith,TCP81009,,Update,TCP81009,1587.63,New,,0,,,,,,30,,,,,1,,,,False,,,,,,,,None,None,None,,None,,,,,,IN,,LB,,,,,,,,,Pumps,None,None,,,,,,,,,Pumps,https://s3-us-west-1.amazonaws.com/oppics/full/AOS/AOS_TCP81009.jpg,,,,,,,,,,,,,,,,,,,,,,,,,,,,,,,,,,,,,,,,,,,,,,,,,,None,,,,,,,,,,,,,,,,,,,,,,,,,,,,,
AOS_E491M2,None,UPC,Motor,Motor,OutdoorLiving,A.O. Smith,A.O. Smith,E491M2,,Update,E491M2,1528.56,New,,0,,,,,,30,,,,,1,,,,False,,,,,,,,None,None,None,,None,,,,,,IN,,LB,,,,,,,,,Pumps,None,None,,,,,,,,,Pumps,https://s3-us-west-1.amazonaws.com/oppics/full/AOS/AOS_E491M2.jpg,,,,,,,,,,,,,,,,,,,,,,,,,,,,,,,,,,,,,,,,,,,,,,,,,,None,,,,,,,,,,,,,,,,,,,,,,,,,,,,,
AOS_BG128A,None,UPC,Motor,Motor,OutdoorLiving,A.O. Smith,A.O. Smith,BG128A,,Update,BG128A,256.92,New,,0,,,,,,30,,,,,1,,,,False,,,,,,,,None,None,None,,None,,,,,,IN,,LB,,,,,,,,,Pumps,None,None,,,,,,,,,Pumps,https://s3-us-west-1.amazonaws.com/oppics/full/AOS/AOS_BG128A.jpg,,,,,,,,,,,,,,,,,,,,,,,,,,,,,,,,,,,,,,,,,,,,,,,,,,None,,,,,,,,,,,,,,,,,,,,,,,,,,,,,
AOS_USQ1152,None,UPC,Motor,Motor,OutdoorLiving,A.O. Smith,A.O. Smith,USQ1152,,Update,USQ1152,237.53,New,,0,,,,,,30,,,,,1,,,,False,,,,,,,,None,None,None,,None,,,,,,IN,,LB,,,,,,,,,Pumps,None,None,,,,,,,,,Pumps,https://s3-us-west-1.amazonaws.com/oppics/full/AOS/AOS_USQ1152.jpg,,,,,,,,,,,,,,,,,,,,,,,,,,,,,,,,,,,,,,,,,,,,,,,,,,None,,,,,,,,,,,,,,,,,,,,,,,,,,,,,
AOS_TCP81006,None,UPC,Motor,Motor,OutdoorLiving,A.O. Smith,A.O. Smith,TCP81006,,Update,TCP81006,1033.7,New,,0,,,,,,30,,,,,1,,,,False,,,,,,,,None,None,None,,None,,,,,,IN,,LB,,,,,,,,,Pumps,None,None,,,,,,,,,Pumps,https://s3-us-west-1.amazonaws.com/oppics/full/AOS/AOS_TCP81006.jpg,,,,,,,,,,,,,,,,,,,,,,,,,,,,,,,,,,,,,,,,,,,,,,,,,,None,,,,,,,,,,,,,,,,,,,,,,,,,,,,,
AOS_B2233,None,UPC,Motor,Motor,OutdoorLiving,A.O. Smith,A.O. Smith,B2233,,Update,B2233,244.25,New,,0,,,,,,30,,,,,1,,,,False,,,,,,,,None,None,None,,None,,,,,,IN,,LB,,,,,,,,,Pumps,None,None,,,,,,,,,Pumps,https://s3-us-west-1.amazonaws.com/oppics/full/AOS/AOS_B2233.jpg,,,,,,,,,,,,,,,,,,,,,,,,,,,,,,,,,,,,,,,,,,,,,,,,,,None,,,,,,,,,,,,,,,,,,,,,,,,,,,,,
AOS_ECM27SQU,None,UPC,Motor,Motor,OutdoorLiving,A.O. Smith,A.O. Smith,ECM27SQU,,Update,ECM27SQU,964.69,New,,0,,,,,,30,,,,,1,,,,False,,,,,,,,None,None,None,,None,,,,,,IN,,LB,,,,,,,,,Pumps,None,None,,,,,,,,,Pumps,https://s3-us-west-1.amazonaws.com/oppics/full/AOS/AOS_ECM27SQU.jpg,,,,,,,,,,,,,,,,,,,,,,,,,,,,,,,,,,,,,,,,,,,,,,,,,,None,,,,,,,,,,,,,,,,,,,,,,,,,,,,,
AOS_HSQ1102,None,UPC,Motor,Motor,OutdoorLiving,A.O. Smith,A.O. Smith,HSQ1102,,Update,HSQ1102,321.4,New,,0,,,,,,30,,,,,1,,,,False,,,,,,,,None,None,None,,None,,,,,,IN,,LB,,,,,,,,,Pumps,None,None,,,,,,,,,Pumps,https://s3-us-west-1.amazonaws.com/oppics/full/AOS/AOS_HSQ1102.jpg,,,,,,,,,,,,,,,,,,,,,,,,,,,,,,,,,,,,,,,,,,,,,,,,,,None,,,,,,,,,,,,,,,,,,,,,,,,,,,,,
AOS_SN1102,None,UPC,Motor,Motor,OutdoorLiving,A.O. Smith,A.O. Smith,SN1102,,Update,SN1102,335.2,New,,0,,,,,,30,,,,,1,,,,False,,,,,,,,None,None,None,,None,,,,,,IN,,LB,,,,,,,,,Pumps,None,None,,,,,,,,,Pumps,https://s3-us-west-1.amazonaws.com/oppics/full/AOS/AOS_SN1102.jpg,,,,,,,,,,,,,,,,,,,,,,,,,,,,,,,,,,,,,,,,,,,,,,,,,,None,,,,,,,,,,,,,,,,,,,,,,,,,,,,,
AOS_E117RF,None,UPC,Motor,Motor,OutdoorLiving,A.O. Smith,A.O. Smith,E117RF,,Update,E117RF,280.6,New,,0,,,,,,30,,,,,1,,,,False,,,,,,,,None,None,None,,None,,,,,,IN,,LB,,,,,,,,,Pumps,None,None,,,,,,,,,Pumps,https://s3-us-west-1.amazonaws.com/oppics/full/AOS/AOS_E117RF.jpg,,,,,,,,,,,,,,,,,,,,,,,,,,,,,,,,,,,,,,,,,,,,,,,,,,None,,,,,,,,,,,,,,,,,,,,,,,,,,,,,
AOS_BPA451,None,UPC,Motor,Motor,OutdoorLiving,A.O. Smith,A.O. Smith,BPA451,,Update,BPA451,331.41,New,,0,,,,,,30,,,,,1,,,,False,,,,,,,,None,None,None,,None,,,,,,IN,,LB,,,,,,,,,Pumps,None,None,,,,,,,,,Pumps,https://s3-us-west-1.amazonaws.com/oppics/full/AOS/AOS_BPA451.jpg,,,,,,,,,,,,,,,,,,,,,,,,,,,,,,,,,,,,,,,,,,,,,,,,,,None,,,,,,,,,,,,,,,,,,,,,,,,,,,,,
AOS_USQ1072,None,UPC,Motor,Motor,OutdoorLiving,A.O. Smith,A.O. Smith,USQ1072,,Update,USQ1072,182.48,New,,0,,,,,,30,,,,,1,,,,False,,,,,,,,None,None,None,,None,,,,,,IN,,LB,,,,,,,,,Pumps,None,None,,,,,,,,,Pumps,https://s3-us-west-1.amazonaws.com/oppics/full/AOS/AOS_USQ1072.jpg,,,,,,,,,,,,,,,,,,,,,,,,,,,,,,,,,,,,,,,,,,,,,,,,,,None,,,,,,,,,,,,,,,,,,,,,,,,,,,,,
AOS_B126,None,UPC,Motor,Motor,OutdoorLiving,A.O. Smith,A.O. Smith,B126,,Update,B126,178.54,New,,0,,,,,,30,,,,,1,,,,False,,,,,,,,None,None,None,,None,,,,,,IN,,LB,,,,,,,,,Pumps,None,None,,,,,,,,,Pumps,https://s3-us-west-1.amazonaws.com/oppics/full/AOS/AOS_B126.jpg,,,,,,,,,,,,,,,,,,,,,,,,,,,,,,,,,,,,,,,,,,,,,,,,,,None,,,,,,,,,,,,,,,,,,,,,,,,,,,,,
AOS_B2975,None,UPC,Motor,Motor,OutdoorLiving,A.O. Smith,A.O. Smith,B2975,,Update,B2975,335.61,New,,0,,,,,,30,,,,,1,,,,False,,,,,,,,None,None,None,,None,,,,,,IN,,LB,,,,,,,,,Pumps,None,None,,,,,,,,,Pumps,https://s3-us-west-1.amazonaws.com/oppics/full/AOS/AOS_B2975.jpg,,,,,,,,,,,,,,,,,,,,,,,,,,,,,,,,,,,,,,,,,,,,,,,,,,None,,,,,,,,,,,,,,,,,,,,,,,,,,,,,
AOS_CPE37,None,UPC,Motor,Motor,OutdoorLiving,A.O. Smith,A.O. Smith,CPE37,,Update,CPE37,1035.24,New,,0,,,,,,30,,,,,1,,,,False,,,,,,,,None,None,None,,None,,,,,,IN,,LB,,,,,,,,,Pumps,None,None,,,,,,,,,Pumps,https://s3-us-west-1.amazonaws.com/oppics/full/AOS/AOS_CPE37.jpg,,,,,,,,,,,,,,,,,,,,,,,,,,,,,,,,,,,,,,,,,,,,,,,,,,None,,,,,,,,,,,,,,,,,,,,,,,,,,,,,
AOS_CPE30,None,UPC,Motor,Motor,OutdoorLiving,A.O. Smith,A.O. Smith,CPE30,,Update,CPE30,893.89,New,,0,,,,,,30,,,,,1,,,,False,,,,,,,,None,None,None,,None,,,,,,IN,,LB,,,,,,,,,Pumps,None,None,,,,,,,,,Pumps,https://s3-us-west-1.amazonaws.com/oppics/full/AOS/AOS_CPE30.jpg,,,,,,,,,,,,,,,,,,,,,,,,,,,,,,,,,,,,,,,,,,,,,,,,,,None,,,,,,,,,,,,,,,,,,,,,,,,,,,,,
AOS_CPE31,None,UPC,Motor,Motor,OutdoorLiving,A.O. Smith,A.O. Smith,CPE31,,Update,CPE31,968.31,New,,0,,,,,,30,,,,,1,,,,False,,,,,,,,None,None,None,,None,,,,,,IN,,LB,,,,,,,,,Pumps,None,None,,,,,,,,,Pumps,https://s3-us-west-1.amazonaws.com/oppics/full/AOS/AOS_CPE31.jpg,,,,,,,,,,,,,,,,,,,,,,,,,,,,,,,,,,,,,,,,,,,,,,,,,,None,,,,,,,,,,,,,,,,,,,,,,,,,,,,,
AOS_CPO38,None,UPC,Motor,Motor,OutdoorLiving,A.O. Smith,A.O. Smith,CPO38,,Update,CPO38,750.4,New,,0,,,,,,30,,,,,1,,,,False,,,,,,,,None,None,None,,None,,,,,,IN,,LB,,,,,,,,,Pumps,None,None,,,,,,,,,Pumps,https://s3-us-west-1.amazonaws.com/oppics/full/AOS/AOS_CPO38.jpg,,,,,,,,,,,,,,,,,,,,,,,,,,,,,,,,,,,,,,,,,,,,,,,,,,None,,,,,,,,,,,,,,,,,,,,,,,,,,,,,
AOS_CPO39,None,UPC,Motor,Motor,OutdoorLiving,A.O. Smith,A.O. Smith,CPO39,,Update,CPO39,750.4,New,,0,,,,,,30,,,,,1,,,,False,,,,,,,,None,None,None,,None,,,,,,IN,,LB,,,,,,,,,Pumps,None,None,,,,,,,,,Pumps,https://s3-us-west-1.amazonaws.com/oppics/full/AOS/AOS_CPO39.jpg,,,,,,,,,,,,,,,,,,,,,,,,,,,,,,,,,,,,,,,,,,,,,,,,,,None,,,,,,,,,,,,,,,,,,,,,,,,,,,,,
AOS_USN1152,None,UPC,Motor,Motor,OutdoorLiving,A.O. Smith,A.O. Smith,USN1152,,Update,USN1152,335.2,New,,0,,,,,,30,,,,,1,,,,False,,,,,,,,None,None,None,,None,,,,,,IN,,LB,,,,,,,,,Pumps,None,None,,,,,,,,,Pumps,https://s3-us-west-1.amazonaws.com/oppics/full/AOS/AOS_USN1152.jpg,,,,,,,,,,,,,,,,,,,,,,,,,,,,,,,,,,,,,,,,,,,,,,,,,,None,,,,,,,,,,,,,,,,,,,,,,,,,,,,,
AOS_H705,None,UPC,Motor,Motor,OutdoorLiving,A.O. Smith,A.O. Smith,H705,,Update,H705,421.17,New,,0,,,,,,30,,,,,1,,,,False,,,,,,,,None,None,None,,None,,,,,,IN,,LB,,,,,,,,,Pumps,None,None,,,,,,,,,Pumps,https://s3-us-west-1.amazonaws.com/oppics/full/AOS/AOS_H705.jpg,,,,,,,,,,,,,,,,,,,,,,,,,,,,,,,,,,,,,,,,,,,,,,,,,,None,,,,,,,,,,,,,,,,,,,,,,,,,,,,,
AOS_P229,None,UPC,Motor,Motor,OutdoorLiving,A.O. Smith,A.O. Smith,P229,,Update,P229,661.08,New,,0,,,,,,30,,,,,1,,,,False,,,,,,,,None,None,None,,None,,,,,,IN,,LB,,,,,,,,,Pumps,None,None,,,,,,,,,Pumps,https://s3-us-west-1.amazonaws.com/oppics/full/AOS/AOS_P229.jpg,,,,,,,,,,,,,,,,,,,,,,,,,,,,,,,,,,,,,,,,,,,,,,,,,,None,,,,,,,,,,,,,,,,,,,,,,,,,,,,,
AOS_E117,None,UPC,Motor,Motor,OutdoorLiving,A.O. Smith,A.O. Smith,E117,,Update,E117,268.75,New,,0,,,,,,30,,,,,1,,,,False,,,,,,,,None,None,None,,None,,,,,,IN,,LB,,,,,,,,,Pumps,None,None,,,,,,,,,Pumps,https://s3-us-west-1.amazonaws.com/oppics/full/AOS/AOS_E117.jpg,,,,,,,,,,,,,,,,,,,,,,,,,,,,,,,,,,,,,,,,,,,,,,,,,,None,,,,,,,,,,,,,,,,,,,,,,,,,,,,,
AOS_TCP74013,None,UPC,Motor,Motor,OutdoorLiving,A.O. Smith,A.O. Smith,TCP74013,,Update,TCP74013,4668.16,New,,0,,,,,,30,,,,,1,,,,False,,,,,,,,None,None,None,,None,,,,,,IN,,LB,,,,,,,,,Pumps,None,None,,,,,,,,,Pumps,https://s3-us-west-1.amazonaws.com/oppics/full/AOS/AOS_TCP74013.jpg,,,,,,,,,,,,,,,,,,,,,,,,,,,,,,,,,,,,,,,,,,,,,,,,,,None,,,,,,,,,,,,,,,,,,,,,,,,,,,,,
AOS_SQ1152,None,UPC,Motor,Motor,OutdoorLiving,A.O. Smith,A.O. Smith,SQ1152,,Update,SQ1152,304.96,New,,0,,,,,,30,,,,,1,,,,False,,,,,,,,None,None,None,,None,,,,,,IN,,LB,,,,,,,,,Pumps,None,None,,,,,,,,,Pumps,https://s3-us-west-1.amazonaws.com/oppics/full/AOS/AOS_SQ1152.jpg,,,,,,,,,,,,,,,,,,,,,,,,,,,,,,,,,,,,,,,,,,,,,,,,,,None,,,,,,,,,,,,,,,,,,,,,,,,,,,,,
AOS_B128,None,UPC,Motor,Motor,OutdoorLiving,A.O. Smith,A.O. Smith,B128,,Update,B128,227.09,New,,0,,,,,,30,,,,,1,,,,False,,,,,,,,None,None,None,,None,,,,,,IN,,LB,,,,,,,,,Pumps,None,None,,,,,,,,,Pumps,https://s3-us-west-1.amazonaws.com/oppics/full/AOS/AOS_B128.jpg,,,,,,,,,,,,,,,,,,,,,,,,,,,,,,,,,,,,,,,,,,,,,,,,,,None,,,,,,,,,,,,,,,,,,,,,,,,,,,,,
AOS_SK1302V1,None,UPC,Motor,Motor,OutdoorLiving,A.O. Smith,A.O. Smith,SK1302V1,,Update,SK1302V1,505.12,New,,0,,,,,,30,,,,,1,,,,False,,,,,,,,None,None,None,,None,,,,,,IN,,LB,,,,,,,,,Pumps,None,None,,,,,,,,,Pumps,https://s3-us-west-1.amazonaws.com/oppics/full/AOS/AOS_SK1302V1.jpg,,,,,,,,,,,,,,,,,,,,,,,,,,,,,,,,,,,,,,,,,,,,,,,,,,None,,,,,,,,,,,,,,,,,,,,,,,,,,,,,
AOS_TCP71007,None,UPC,Motor,Motor,OutdoorLiving,A.O. Smith,A.O. Smith,TCP71007,,Update,TCP71007,1035.24,New,,0,,,,,,30,,,,,1,,,,False,,,,,,,,None,None,None,,None,,,,,,IN,,LB,,,,,,,,,Pumps,None,None,,,,,,,,,Pumps,https://s3-us-west-1.amazonaws.com/oppics/full/AOS/AOS_TCP71007.jpg,,,,,,,,,,,,,,,,,,,,,,,,,,,,,,,,,,,,,,,,,,,,,,,,,,None,,,,,,,,,,,,,,,,,,,,,,,,,,,,,
AOS_E294,None,UPC,Motor,Motor,OutdoorLiving,A.O. Smith,A.O. Smith,E294,,Update,E294,358.47,New,,0,,,,,,30,,,,,1,,,,False,,,,,,,,None,None,None,,None,,,,,,IN,,LB,,,,,,,,,Pumps,None,None,,,,,,,,,Pumps,https://s3-us-west-1.amazonaws.com/oppics/full/AOS/AOS_E294.jpg,,,,,,,,,,,,,,,,,,,,,,,,,,,,,,,,,,,,,,,,,,,,,,,,,,None,,,,,,,,,,,,,,,,,,,,,,,,,,,,,
AOS_E118,None,UPC,Motor,Motor,OutdoorLiving,A.O. Smith,A.O. Smith,E118,,Update,E118,268.75,New,,0,,,,,,30,,,,,1,,,,False,,,,,,,,None,None,None,,None,,,,,,IN,,LB,,,,,,,,,Pumps,None,None,,,,,,,,,Pumps,https://s3-us-west-1.amazonaws.com/oppics/full/AOS/AOS_E118.jpg,,,,,,,,,,,,,,,,,,,,,,,,,,,,,,,,,,,,,,,,,,,,,,,,,,None,,,,,,,,,,,,,,,,,,,,,,,,,,,,,
AOS_B977T,None,UPC,Motor,Motor,OutdoorLiving,A.O. Smith,A.O. Smith,B977T,,Update,B977T,476.28,New,,0,,,,,,30,,,,,1,,,,False,,,,,,,,None,None,None,,None,,,,,,IN,,LB,,,,,,,,,Pumps,None,None,,,,,,,,,Pumps,https://s3-us-west-1.amazonaws.com/oppics/full/AOS/AOS_B977T.jpg,,,,,,,,,,,,,,,,,,,,,,,,,,,,,,,,,,,,,,,,,,,,,,,,,,None,,,,,,,,,,,,,,,,,,,,,,,,,,,,,
AOS_P212M2,None,UPC,Motor,Motor,OutdoorLiving,A.O. Smith,A.O. Smith,P212M2,,Update,P212M2,1153.93,New,,0,,,,,,30,,,,,1,,,,False,,,,,,,,None,None,None,,None,,,,,,IN,,LB,,,,,,,,,Pumps,None,None,,,,,,,,,Pumps,https://s3-us-west-1.amazonaws.com/oppics/full/AOS/AOS_P212M2.jpg,,,,,,,,,,,,,,,,,,,,,,,,,,,,,,,,,,,,,,,,,,,,,,,,,,None,,,,,,,,,,,,,,,,,,,,,,,,,,,,,
AOS_USTG1102A,None,UPC,Motor,Motor,OutdoorLiving,A.O. Smith,A.O. Smith,USTG1102A,,Update,USTG1102A,225.08,New,,0,,,,,,30,,,,,1,,,,False,,,,,,,,None,None,None,,None,,,,,,IN,,LB,,,,,,,,,Pumps,None,None,,,,,,,,,Pumps,https://s3-us-west-1.amazonaws.com/oppics/full/AOS/AOS_USTG1102A.jpg,,,,,,,,,,,,,,,,,,,,,,,,,,,,,,,,,,,,,,,,,,,,,,,,,,None,,,,,,,,,,,,,,,,,,,,,,,,,,,,,
AOS_USQG1102A,None,UPC,Motor,Motor,OutdoorLiving,A.O. Smith,A.O. Smith,USQG1102A,,Update,USQG1102A,231.7,New,,0,,,,,,30,,,,,1,,,,False,,,,,,,,None,None,None,,None,,,,,,IN,,LB,,,,,,,,,Pumps,None,None,,,,,,,,,Pumps,https://s3-us-west-1.amazonaws.com/oppics/full/AOS/AOS_USQG1102A.jpg,,,,,,,,,,,,,,,,,,,,,,,,,,,,,,,,,,,,,,,,,,,,,,,,,,None,,,,,,,,,,,,,,,,,,,,,,,,,,,,,
AOS_P324M2,None,UPC,Motor,Motor,OutdoorLiving,A.O. Smith,A.O. Smith,P324M2,,Update,P324M2,1069.94,New,,0,,,,,,30,,,,,1,,,,False,,,,,,,,None,None,None,,None,,,,,,IN,,LB,,,,,,,,,Pumps,None,None,,,,,,,,,Pumps,https://s3-us-west-1.amazonaws.com/oppics/full/AOS/AOS_P324M2.jpg,,,,,,,,,,,,,,,,,,,,,,,,,,,,,,,,,,,,,,,,,,,,,,,,,,None,,,,,,,,,,,,,,,,,,,,,,,,,,,,,
AOS_BN36,None,UPC,Motor,Motor,OutdoorLiving,A.O. Smith,A.O. Smith,BN36,,Update,BN36,187.33,New,,0,,,,,,30,,,,,1,,,,False,,,,,,,,None,None,None,,None,,,,,,IN,,LB,,,,,,,,,Pumps,None,None,,,,,,,,,Pumps,https://s3-us-west-1.amazonaws.com/oppics/full/AOS/AOS_BN36.jpg,,,,,,,,,,,,,,,,,,,,,,,,,,,,,,,,,,,,,,,,,,,,,,,,,,None,,,,,,,,,,,,,,,,,,,,,,,,,,,,,
AOS_H995,None,UPC,Motor,Motor,OutdoorLiving,A.O. Smith,A.O. Smith,H995,,Update,H995,625.64,New,,0,,,,,,30,,,,,1,,,,False,,,,,,,,None,None,None,,None,,,,,,IN,,LB,,,,,,,,,Pumps,None,None,,,,,,,,,Pumps,https://s3-us-west-1.amazonaws.com/oppics/full/AOS/AOS_H995.jpg,,,,,,,,,,,,,,,,,,,,,,,,,,,,,,,,,,,,,,,,,,,,,,,,,,None,,,,,,,,,,,,,,,,,,,,,,,,,,,,,
AOS_SQ1202,None,UPC,Motor,Motor,OutdoorLiving,A.O. Smith,A.O. Smith,SQ1202,,Update,SQ1202,377.81,New,,0,,,,,,30,,,,,1,,,,False,,,,,,,,None,None,None,,None,,,,,,IN,,LB,,,,,,,,,Pumps,None,None,,,,,,,,,Pumps,https://s3-us-west-1.amazonaws.com/oppics/full/AOS/AOS_SQ1202.jpg,,,,,,,,,,,,,,,,,,,,,,,,,,,,,,,,,,,,,,,,,,,,,,,,,,None,,,,,,,,,,,,,,,,,,,,,,,,,,,,,
AOS_TCP71008,None,UPC,Motor,Motor,OutdoorLiving,A.O. Smith,A.O. Smith,TCP71008,,Update,TCP71008,1368.71,New,,0,,,,,,30,,,,,1,,,,False,,,,,,,,None,None,None,,None,,,,,,IN,,LB,,,,,,,,,Pumps,None,None,,,,,,,,,Pumps,https://s3-us-west-1.amazonaws.com/oppics/full/AOS/AOS_TCP71008.jpg,,,,,,,,,,,,,,,,,,,,,,,,,,,,,,,,,,,,,,,,,,,,,,,,,,None,,,,,,,,,,,,,,,,,,,,,,,,,,,,,
AOS_B662,None,UPC,Motor,Motor,OutdoorLiving,A.O. Smith,A.O. Smith,B662,,Update,B662,290.11,New,,0,,,,,,30,,,,,1,,,,False,,,,,,,,None,None,None,,None,,,,,,IN,,LB,,,,,,,,,Pumps,None,None,,,,,,,,,Pumps,https://s3-us-west-1.amazonaws.com/oppics/full/AOS/AOS_B662.jpg,,,,,,,,,,,,,,,,,,,,,,,,,,,,,,,,,,,,,,,,,,,,,,,,,,None,,,,,,,,,,,,,,,,,,,,,,,,,,,,,
AOS_N245,None,UPC,Motor,Motor,OutdoorLiving,A.O. Smith,A.O. Smith,N245,,Update,N245,647.77,New,,0,,,,,,30,,,,,1,,,,False,,,,,,,,None,None,None,,None,,,,,,IN,,LB,,,,,,,,,Pumps,None,None,,,,,,,,,Pumps,https://s3-us-west-1.amazonaws.com/oppics/full/AOS/AOS_N245.jpg,,,,,,,,,,,,,,,,,,,,,,,,,,,,,,,,,,,,,,,,,,,,,,,,,,None,,,,,,,,,,,,,,,,,,,,,,,,,,,,,
AOS_N246,None,UPC,Motor,Motor,OutdoorLiving,A.O. Smith,A.O. Smith,N246,,Update,N246,628.75,New,,0,,,,,,30,,,,,1,,,,False,,,,,,,,None,None,None,,None,,,,,,IN,,LB,,,,,,,,,Pumps,None,None,,,,,,,,,Pumps,https://s3-us-west-1.amazonaws.com/oppics/full/AOS/AOS_N246.jpg,,,,,,,,,,,,,,,,,,,,,,,,,,,,,,,,,,,,,,,,,,,,,,,,,,None,,,,,,,,,,,,,,,,,,,,,,,,,,,,,
AOS_R339,None,UPC,Motor,Motor,OutdoorLiving,A.O. Smith,A.O. Smith,R339,,Update,R339,1983.7,New,,0,,,,,,30,,,,,1,,,,False,,,,,,,,None,None,None,,None,,,,,,IN,,LB,,,,,,,,,Pumps,None,None,,,,,,,,,Pumps,https://s3-us-west-1.amazonaws.com/oppics/full/AOS/AOS_R339.jpg,,,,,,,,,,,,,,,,,,,,,,,,,,,,,,,,,,,,,,,,,,,,,,,,,,None,,,,,,,,,,,,,,,,,,,,,,,,,,,,,
AOS_N161E,None,UPC,Motor,Motor,OutdoorLiving,A.O. Smith,A.O. Smith,N161E,,Update,N161E,497.88,New,,0,,,,,,30,,,,,1,,,,False,,,,,,,,None,None,None,,None,,,,,,IN,,LB,,,,,,,,,Pumps,None,None,,,,,,,,,Pumps,https://s3-us-west-1.amazonaws.com/oppics/full/AOS/AOS_N161E.jpg,,,,,,,,,,,,,,,,,,,,,,,,,,,,,,,,,,,,,,,,,,,,,,,,,,None,,,,,,,,,,,,,,,,,,,,,,,,,,,,,
AOS_P327,None,UPC,Motor,Motor,OutdoorLiving,A.O. Smith,A.O. Smith,P327,,Update,P327,1466.38,New,,0,,,,,,30,,,,,1,,,,False,,,,,,,,None,None,None,,None,,,,,,IN,,LB,,,,,,,,,Pumps,None,None,,,,,,,,,Pumps,https://s3-us-west-1.amazonaws.com/oppics/full/AOS/AOS_P327.jpg,,,,,,,,,,,,,,,,,,,,,,,,,,,,,,,,,,,,,,,,,,,,,,,,,,None,,,,,,,,,,,,,,,,,,,,,,,,,,,,,
AOS_B668,None,UPC,Motor,Motor,OutdoorLiving,A.O. Smith,A.O. Smith,B668,,Update,B668,226.51,New,,0,,,,,,30,,,,,1,,,,False,,,,,,,,None,None,None,,None,,,,,,IN,,LB,,,,,,,,,Pumps,None,None,,,,,,,,,Pumps,https://s3-us-west-1.amazonaws.com/oppics/full/AOS/AOS_B668.jpg,,,,,,,,,,,,,,,,,,,,,,,,,,,,,,,,,,,,,,,,,,,,,,,,,,None,,,,,,,,,,,,,,,,,,,,,,,,,,,,,
AOS_R236,None,UPC,Motor,Motor,OutdoorLiving,A.O. Smith,A.O. Smith,R236,,Update,R236,1098.4,New,,0,,,,,,30,,,,,1,,,,False,,,,,,,,None,None,None,,None,,,,,,IN,,LB,,,,,,,,,Pumps,None,None,,,,,,,,,Pumps,https://s3-us-west-1.amazonaws.com/oppics/full/AOS/AOS_R236.jpg,,,,,,,,,,,,,,,,,,,,,,,,,,,,,,,,,,,,,,,,,,,,,,,,,,None,,,,,,,,,,,,,,,,,,,,,,,,,,,,,
AOS_Q3302V1,None,UPC,Motor,Motor,OutdoorLiving,A.O. Smith,A.O. Smith,Q3302V1,,Update,Q3302V1,472.75,New,,0,,,,,,30,,,,,1,,,,False,,,,,,,,None,None,None,,None,,,,,,IN,,LB,,,,,,,,,Pumps,None,None,,,,,,,,,Pumps,https://s3-us-west-1.amazonaws.com/oppics/full/AOS/AOS_Q3302V1.jpg,,,,,,,,,,,,,,,,,,,,,,,,,,,,,,,,,,,,,,,,,,,,,,,,,,None,,,,,,,,,,,,,,,,,,,,,,,,,,,,,
AOS_UCT1072V1,None,UPC,Motor,Motor,OutdoorLiving,A.O. Smith,A.O. Smith,UCT1072V1,,Update,UCT1072V1,236.09,New,,0,,,,,,30,,,,,1,,,,False,,,,,,,,None,None,None,,None,,,,,,IN,,LB,,,,,,,,,Pumps,None,None,,,,,,,,,Pumps,https://s3-us-west-1.amazonaws.com/oppics/full/AOS/AOS_UCT1072V1.jpg,,,,,,,,,,,,,,,,,,,,,,,,,,,,,,,,,,,,,,,,,,,,,,,,,,None,,,,,,,,,,,,,,,,,,,,,,,,,,,,,
AOS_UQC1072V1,None,UPC,Motor,Motor,OutdoorLiving,A.O. Smith,A.O. Smith,UQC1072V1,,Update,UQC1072V1,216.91,New,,0,,,,,,30,,,,,1,,,,False,,,,,,,,None,None,None,,None,,,,,,IN,,LB,,,,,,,,,Pumps,None,None,,,,,,,,,Pumps,https://s3-us-west-1.amazonaws.com/oppics/full/AOS/AOS_UQC1072V1.jpg,,,,,,,,,,,,,,,,,,,,,,,,,,,,,,,,,,,,,,,,,,,,,,,,,,None,,,,,,,,,,,,,,,,,,,,,,,,,,,,,
AOS_TCP81026,None,UPC,Motor,Motor,OutdoorLiving,A.O. Smith,A.O. Smith,TCP81026,,Update,TCP81026,416.83,New,,0,,,,,,30,,,,,1,,,,False,,,,,,,,None,None,None,,None,,,,,,IN,,LB,,,,,,,,,Pumps,None,None,,,,,,,,,Pumps,https://s3-us-west-1.amazonaws.com/oppics/full/AOS/AOS_TCP81026.jpg,,,,,,,,,,,,,,,,,,,,,,,,,,,,,,,,,,,,,,,,,,,,,,,,,,None,,,,,,,,,,,,,,,,,,,,,,,,,,,,,
AOS_K3072,None,UPC,Motor,Motor,OutdoorLiving,A.O. Smith,A.O. Smith,K3072,,Update,K3072,234.35,New,,0,,,,,,30,,,,,1,,,,False,,,,,,,,None,None,None,,None,,,,,,IN,,LB,,,,,,,,,Pumps,None,None,,,,,,,,,Pumps,https://s3-us-west-1.amazonaws.com/oppics/full/AOS/AOS_K3072.jpg,,,,,,,,,,,,,,,,,,,,,,,,,,,,,,,,,,,,,,,,,,,,,,,,,,None,,,,,,,,,,,,,,,,,,,,,,,,,,,,,
AOS_H636,None,UPC,Motor,Motor,OutdoorLiving,A.O. Smith,A.O. Smith,H636,,Update,H636,376.58,New,,0,,,,,,30,,,,,1,,,,False,,,,,,,,None,None,None,,None,,,,,,IN,,LB,,,,,,,,,Pumps,None,None,,,,,,,,,Pumps,https://s3-us-west-1.amazonaws.com/oppics/full/AOS/AOS_H636.jpg,,,,,,,,,,,,,,,,,,,,,,,,,,,,,,,,,,,,,,,,,,,,,,,,,,None,,,,,,,,,,,,,,,,,,,,,,,,,,,,,
AOS_H635,None,UPC,Motor,Motor,OutdoorLiving,A.O. Smith,A.O. Smith,H635,,Update,H635,296.88,New,,0,,,,,,30,,,,,1,,,,False,,,,,,,,None,None,None,,None,,,,,,IN,,LB,,,,,,,,,Pumps,None,None,,,,,,,,,Pumps,https://s3-us-west-1.amazonaws.com/oppics/full/AOS/AOS_H635.jpg,,,,,,,,,,,,,,,,,,,,,,,,,,,,,,,,,,,,,,,,,,,,,,,,,,None,,,,,,,,,,,,,,,,,,,,,,,,,,,,,
AOS_N153,None,UPC,Motor,Motor,OutdoorLiving,A.O. Smith,A.O. Smith,N153,,Update,N153,459.83,New,,0,,,,,,30,,,,,1,,,,False,,,,,,,,None,None,None,,None,,,,,,IN,,LB,,,,,,,,,Pumps,None,None,,,,,,,,,Pumps,https://s3-us-west-1.amazonaws.com/oppics/full/AOS/AOS_N153.jpg,,,,,,,,,,,,,,,,,,,,,,,,,,,,,,,,,,,,,,,,,,,,,,,,,,None,,,,,,,,,,,,,,,,,,,,,,,,,,,,,
AOS_CPO41,None,UPC,Motor,Motor,OutdoorLiving,A.O. Smith,A.O. Smith,CPO41,,Update,CPO41,733.56,New,,0,,,,,,30,,,,,1,,,,False,,,,,,,,None,None,None,,None,,,,,,IN,,LB,,,,,,,,,Pumps,None,None,,,,,,,,,Pumps,https://s3-us-west-1.amazonaws.com/oppics/full/AOS/AOS_CPO41.jpg,,,,,,,,,,,,,,,,,,,,,,,,,,,,,,,,,,,,,,,,,,,,,,,,,,None,,,,,,,,,,,,,,,,,,,,,,,,,,,,,
AOS_CPO42,None,UPC,Motor,Motor,OutdoorLiving,A.O. Smith,A.O. Smith,CPO42,,Update,CPO42,710.9,New,,0,,,,,,30,,,,,1,,,,False,,,,,,,,None,None,None,,None,,,,,,IN,,LB,,,,,,,,,Pumps,None,None,,,,,,,,,Pumps,https://s3-us-west-1.amazonaws.com/oppics/full/AOS/AOS_CPO42.jpg,,,,,,,,,,,,,,,,,,,,,,,,,,,,,,,,,,,,,,,,,,,,,,,,,,None,,,,,,,,,,,,,,,,,,,,,,,,,,,,,
AOS_CPE16,None,UPC,Motor,Motor,OutdoorLiving,A.O. Smith,A.O. Smith,CPE16,,Update,CPE16,480.22,New,,0,,,,,,30,,,,,1,,,,False,,,,,,,,None,None,None,,None,,,,,,IN,,LB,,,,,,,,,Pumps,None,None,,,,,,,,,Pumps,https://s3-us-west-1.amazonaws.com/oppics/full/AOS/AOS_CPE16.jpg,,,,,,,,,,,,,,,,,,,,,,,,,,,,,,,,,,,,,,,,,,,,,,,,,,None,,,,,,,,,,,,,,,,,,,,,,,,,,,,,
AOS_TCP71013,None,UPC,Motor,Motor,OutdoorLiving,A.O. Smith,A.O. Smith,TCP71013,,Update,TCP71013,5001.16,New,,0,,,,,,30,,,,,1,,,,False,,,,,,,,None,None,None,,None,,,,,,IN,,LB,,,,,,,,,Pumps,None,None,,,,,,,,,Pumps,https://s3-us-west-1.amazonaws.com/oppics/full/AOS/AOS_TCP71013.jpg,,,,,,,,,,,,,,,,,,,,,,,,,,,,,,,,,,,,,,,,,,,,,,,,,,None,,,,,,,,,,,,,,,,,,,,,,,,,,,,,
AOS_CPE12,None,UPC,Motor,Motor,OutdoorLiving,A.O. Smith,A.O. Smith,CPE12,,Update,CPE12,438.43,New,,0,,,,,,30,,,,,1,,,,False,,,,,,,,None,None,None,,None,,,,,,IN,,LB,,,,,,,,,Pumps,None,None,,,,,,,,,Pumps,https://s3-us-west-1.amazonaws.com/oppics/full/AOS/AOS_CPE12.jpg,,,,,,,,,,,,,,,,,,,,,,,,,,,,,,,,,,,,,,,,,,,,,,,,,,None,,,,,,,,,,,,,,,,,,,,,,,,,,,,,
AOS_CPE13,None,UPC,Motor,Motor,OutdoorLiving,A.O. Smith,A.O. Smith,CPE13,,Update,CPE13,437.33,New,,0,,,,,,30,,,,,1,,,,False,,,,,,,,None,None,None,,None,,,,,,IN,,LB,,,,,,,,,Pumps,None,None,,,,,,,,,Pumps,https://s3-us-west-1.amazonaws.com/oppics/full/AOS/AOS_CPE13.jpg,,,,,,,,,,,,,,,,,,,,,,,,,,,,,,,,,,,,,,,,,,,,,,,,,,None,,,,,,,,,,,,,,,,,,,,,,,,,,,,,
AOS_SDS1202,None,UPC,Motor,Motor,OutdoorLiving,A.O. Smith,A.O. Smith,SDS1202,,Update,SDS1202,267.14,New,,0,,,,,,30,,,,,1,,,,False,,,,,,,,None,None,None,,None,,,,,,IN,,LB,,,,,,,,,Pumps,None,None,,,,,,,,,Pumps,https://s3-us-west-1.amazonaws.com/oppics/full/AOS/AOS_SDS1202.jpg,,,,,,,,,,,,,,,,,,,,,,,,,,,,,,,,,,,,,,,,,,,,,,,,,,None,,,,,,,,,,,,,,,,,,,,,,,,,,,,,
AOS_BN35V1,None,UPC,Motor,Motor,OutdoorLiving,A.O. Smith,A.O. Smith,BN35V1,,Update,BN35V1,187.33,New,,0,,,,,,30,,,,,1,,,,False,,,,,,,,None,None,None,,None,,,,,,IN,,LB,,,,,,,,,Pumps,None,None,,,,,,,,,Pumps,https://s3-us-west-1.amazonaws.com/oppics/full/AOS/AOS_BN35V1.jpg,,,,,,,,,,,,,,,,,,,,,,,,,,,,,,,,,,,,,,,,,,,,,,,,,,None,,,,,,,,,,,,,,,,,,,,,,,,,,,,,
AOS_TCP72035,None,UPC,Motor,Motor,OutdoorLiving,A.O. Smith,A.O. Smith,TCP72035,,Update,TCP72035,2941.59,New,,0,,,,,,30,,,,,1,,,,False,,,,,,,,None,None,None,,None,,,,,,IN,,LB,,,,,,,,,Pumps,None,None,,,,,,,,,Pumps,https://s3-us-west-1.amazonaws.com/oppics/full/AOS/AOS_TCP72035.jpg,,,,,,,,,,,,,,,,,,,,,,,,,,,,,,,,,,,,,,,,,,,,,,,,,,None,,,,,,,,,,,,,,,,,,,,,,,,,,,,,
AOS_P313,None,UPC,Motor,Motor,OutdoorLiving,A.O. Smith,A.O. Smith,P313,,Update,P313,1884.61,New,,0,,,,,,30,,,,,1,,,,False,,,,,,,,None,None,None,,None,,,,,,IN,,LB,,,,,,,,,Pumps,None,None,,,,,,,,,Pumps,https://s3-us-west-1.amazonaws.com/oppics/full/AOS/AOS_P313.jpg,,,,,,,,,,,,,,,,,,,,,,,,,,,,,,,,,,,,,,,,,,,,,,,,,,None,,,,,,,,,,,,,,,,,,,,,,,,,,,,,
AOS_E159E,None,UPC,Motor,Motor,OutdoorLiving,A.O. Smith,A.O. Smith,E159E,,Update,E159E,402.46,New,,0,,,,,,30,,,,,1,,,,False,,,,,,,,None,None,None,,None,,,,,,IN,,LB,,,,,,,,,Pumps,None,None,,,,,,,,,Pumps,https://s3-us-west-1.amazonaws.com/oppics/full/AOS/AOS_E159E.jpg,,,,,,,,,,,,,,,,,,,,,,,,,,,,,,,,,,,,,,,,,,,,,,,,,,None,,,,,,,,,,,,,,,,,,,,,,,,,,,,,
AOS_TCP12030,None,UPC,Motor,Motor,OutdoorLiving,A.O. Smith,A.O. Smith,TCP12030,,Update,TCP12030,592.31,New,,0,,,,,,30,,,,,1,,,,False,,,,,,,,None,None,None,,None,,,,,,IN,,LB,,,,,,,,,Pumps,None,None,,,,,,,,,Pumps,https://s3-us-west-1.amazonaws.com/oppics/full/AOS/AOS_TCP12030.jpg,,,,,,,,,,,,,,,,,,,,,,,,,,,,,,,,,,,,,,,,,,,,,,,,,,None,,,,,,,,,,,,,,,,,,,,,,,,,,,,,
AOS_TCP71012,None,UPC,Motor,Motor,OutdoorLiving,A.O. Smith,A.O. Smith,TCP71012,,Update,TCP71012,3974.11,New,,0,,,,,,30,,,,,1,,,,False,,,,,,,,None,None,None,,None,,,,,,IN,,LB,,,,,,,,,Pumps,None,None,,,,,,,,,Pumps,https://s3-us-west-1.amazonaws.com/oppics/full/AOS/AOS_TCP71012.jpg,,,,,,,,,,,,,,,,,,,,,,,,,,,,,,,,,,,,,,,,,,,,,,,,,,None,,,,,,,,,,,,,,,,,,,,,,,,,,,,,
AOS_R338M2,None,UPC,Motor,Motor,OutdoorLiving,A.O. Smith,A.O. Smith,R338M2,,Update,R338M2,1763.96,New,,0,,,,,,30,,,,,1,,,,False,,,,,,,,None,None,None,,None,,,,,,IN,,LB,,,,,,,,,Pumps,None,None,,,,,,,,,Pumps,https://s3-us-west-1.amazonaws.com/oppics/full/AOS/AOS_R338M2.jpg,,,,,,,,,,,,,,,,,,,,,,,,,,,,,,,,,,,,,,,,,,,,,,,,,,None,,,,,,,,,,,,,,,,,,,,,,,,,,,,,
AOS_TCP81034,None,UPC,Motor,Motor,OutdoorLiving,A.O. Smith,A.O. Smith,TCP81034,,Update,TCP81034,1917.24,New,,0,,,,,,30,,,,,1,,,,False,,,,,,,,None,None,None,,None,,,,,,IN,,LB,,,,,,,,,Pumps,None,None,,,,,,,,,Pumps,https://s3-us-west-1.amazonaws.com/oppics/full/AOS/AOS_TCP81034.jpg,,,,,,,,,,,,,,,,,,,,,,,,,,,,,,,,,,,,,,,,,,,,,,,,,,None,,,,,,,,,,,,,,,,,,,,,,,,,,,,,
AOS_E294L,None,UPC,Motor,Motor,OutdoorLiving,A.O. Smith,A.O. Smith,E294L,,Update,E294L,358.47,New,,0,,,,,,30,,,,,1,,,,False,,,,,,,,None,None,None,,None,,,,,,IN,,LB,,,,,,,,,Pumps,None,None,,,,,,,,,Pumps,https://s3-us-west-1.amazonaws.com/oppics/full/AOS/AOS_E294L.jpg,,,,,,,,,,,,,,,,,,,,,,,,,,,,,,,,,,,,,,,,,,,,,,,,,,None,,,,,,,,,,,,,,,,,,,,,,,,,,,,,
AOS_E177,None,UPC,Motor,Motor,OutdoorLiving,A.O. Smith,A.O. Smith,E177,,Update,E177,385.21,New,,0,,,,,,30,,,,,1,,,,False,,,,,,,,None,None,None,,None,,,,,,IN,,LB,,,,,,,,,Pumps,None,None,,,,,,,,,Pumps,https://s3-us-west-1.amazonaws.com/oppics/full/AOS/AOS_E177.jpg,,,,,,,,,,,,,,,,,,,,,,,,,,,,,,,,,,,,,,,,,,,,,,,,,,None,,,,,,,,,,,,,,,,,,,,,,,,,,,,,
AOS_TCP81030,None,UPC,Motor,Motor,OutdoorLiving,A.O. Smith,A.O. Smith,TCP81030,,Update,TCP81030,654.44,New,,0,,,,,,30,,,,,1,,,,False,,,,,,,,None,None,None,,None,,,,,,IN,,LB,,,,,,,,,Pumps,None,None,,,,,,,,,Pumps,https://s3-us-west-1.amazonaws.com/oppics/full/AOS/AOS_TCP81030.jpg,,,,,,,,,,,,,,,,,,,,,,,,,,,,,,,,,,,,,,,,,,,,,,,,,,None,,,,,,,,,,,,,,,,,,,,,,,,,,,,,
AOS_E175,None,UPC,Motor,Motor,OutdoorLiving,A.O. Smith,A.O. Smith,E175,,Update,E175,306.17,New,,0,,,,,,30,,,,,1,,,,False,,,,,,,,None,None,None,,None,,,,,,IN,,LB,,,,,,,,,Pumps,None,None,,,,,,,,,Pumps,https://s3-us-west-1.amazonaws.com/oppics/full/AOS/AOS_E175.jpg,,,,,,,,,,,,,,,,,,,,,,,,,,,,,,,,,,,,,,,,,,,,,,,,,,None,,,,,,,,,,,,,,,,,,,,,,,,,,,,,
AOS_E174,None,UPC,Motor,Motor,OutdoorLiving,A.O. Smith,A.O. Smith,E174,,Update,E174,306.17,New,,0,,,,,,30,,,,,1,,,,False,,,,,,,,None,None,None,,None,,,,,,IN,,LB,,,,,,,,,Pumps,None,None,,,,,,,,,Pumps,https://s3-us-west-1.amazonaws.com/oppics/full/AOS/AOS_E174.jpg,,,,,,,,,,,,,,,,,,,,,,,,,,,,,,,,,,,,,,,,,,,,,,,,,,None,,,,,,,,,,,,,,,,,,,,,,,,,,,,,
AOS_N313,None,UPC,Motor,Motor,OutdoorLiving,A.O. Smith,A.O. Smith,N313,,Update,N313,1202.68,New,,0,,,,,,30,,,,,1,,,,False,,,,,,,,None,None,None,,None,,,,,,IN,,LB,,,,,,,,,Pumps,None,None,,,,,,,,,Pumps,https://s3-us-west-1.amazonaws.com/oppics/full/AOS/AOS_N313.jpg,,,,,,,,,,,,,,,,,,,,,,,,,,,,,,,,,,,,,,,,,,,,,,,,,,None,,,,,,,,,,,,,,,,,,,,,,,,,,,,,
AOS_UST1152,None,UPC,Motor,Motor,OutdoorLiving,A.O. Smith,A.O. Smith,UST1152,,Update,UST1152,227.09,New,,0,,,,,,30,,,,,1,,,,False,,,,,,,,None,None,None,,None,,,,,,IN,,LB,,,,,,,,,Pumps,None,None,,,,,,,,,Pumps,https://s3-us-west-1.amazonaws.com/oppics/full/AOS/AOS_UST1152.jpg,,,,,,,,,,,,,,,,,,,,,,,,,,,,,,,,,,,,,,,,,,,,,,,,,,None,,,,,,,,,,,,,,,,,,,,,,,,,,,,,
AOS_Q3102,None,UPC,Motor,Motor,OutdoorLiving,A.O. Smith,A.O. Smith,Q3102,,Update,Q3102,284.19,New,,0,,,,,,30,,,,,1,,,,False,,,,,,,,None,None,None,,None,,,,,,IN,,LB,,,,,,,,,Pumps,None,None,,,,,,,,,Pumps,https://s3-us-west-1.amazonaws.com/oppics/full/AOS/AOS_Q3102.jpg,,,,,,,,,,,,,,,,,,,,,,,,,,,,,,,,,,,,,,,,,,,,,,,,,,None,,,,,,,,,,,,,,,,,,,,,,,,,,,,,
AOS_UQC1072,None,UPC,Motor,Motor,OutdoorLiving,A.O. Smith,A.O. Smith,UQC1072,,Update,UQC1072,216.91,New,,0,,,,,,30,,,,,1,,,,False,,,,,,,,None,None,None,,None,,,,,,IN,,LB,,,,,,,,,Pumps,None,None,,,,,,,,,Pumps,https://s3-us-west-1.amazonaws.com/oppics/full/AOS/AOS_UQC1072.jpg,,,,,,,,,,,,,,,,,,,,,,,,,,,,,,,,,,,,,,,,,,,,,,,,,,None,,,,,,,,,,,,,,,,,,,,,,,,,,,,,
AOS_CPE61,None,UPC,Motor,Motor,OutdoorLiving,A.O. Smith,A.O. Smith,CPE61,,Update,CPE61,3762.91,New,,0,,,,,,30,,,,,1,,,,False,,,,,,,,None,None,None,,None,,,,,,IN,,LB,,,,,,,,,Pumps,None,None,,,,,,,,,Pumps,https://s3-us-west-1.amazonaws.com/oppics/full/AOS/AOS_CPE61.jpg,,,,,,,,,,,,,,,,,,,,,,,,,,,,,,,,,,,,,,,,,,,,,,,,,,None,,,,,,,,,,,,,,,,,,,,,,,,,,,,,
AOS_CPE60,None,UPC,Motor,Motor,OutdoorLiving,A.O. Smith,A.O. Smith,CPE60,,Update,CPE60,3762.91,New,,0,,,,,,30,,,,,1,,,,False,,,,,,,,None,None,None,,None,,,,,,IN,,LB,,,,,,,,,Pumps,None,None,,,,,,,,,Pumps,https://s3-us-west-1.amazonaws.com/oppics/full/AOS/AOS_CPE60.jpg,,,,,,,,,,,,,,,,,,,,,,,,,,,,,,,,,,,,,,,,,,,,,,,,,,None,,,,,,,,,,,,,,,,,,,,,,,,,,,,,
AOS_CPE63,None,UPC,Motor,Motor,OutdoorLiving,A.O. Smith,A.O. Smith,CPE63,,Update,CPE63,3974.11,New,,0,,,,,,30,,,,,1,,,,False,,,,,,,,None,None,None,,None,,,,,,IN,,LB,,,,,,,,,Pumps,None,None,,,,,,,,,Pumps,https://s3-us-west-1.amazonaws.com/oppics/full/AOS/AOS_CPE63.jpg,,,,,,,,,,,,,,,,,,,,,,,,,,,,,,,,,,,,,,,,,,,,,,,,,,None,,,,,,,,,,,,,,,,,,,,,,,,,,,,,
AOS_CPE62,None,UPC,Motor,Motor,OutdoorLiving,A.O. Smith,A.O. Smith,CPE62,,Update,CPE62,3974.11,New,,0,,,,,,30,,,,,1,,,,False,,,,,,,,None,None,None,,None,,,,,,IN,,LB,,,,,,,,,Pumps,None,None,,,,,,,,,Pumps,https://s3-us-west-1.amazonaws.com/oppics/full/AOS/AOS_CPE62.jpg,,,,,,,,,,,,,,,,,,,,,,,,,,,,,,,,,,,,,,,,,,,,,,,,,,None,,,,,,,,,,,,,,,,,,,,,,,,,,,,,
AOS_CPE65,None,UPC,Motor,Motor,OutdoorLiving,A.O. Smith,A.O. Smith,CPE65,,Update,CPE65,4747.08,New,,0,,,,,,30,,,,,1,,,,False,,,,,,,,None,None,None,,None,,,,,,IN,,LB,,,,,,,,,Pumps,None,None,,,,,,,,,Pumps,https://s3-us-west-1.amazonaws.com/oppics/full/AOS/AOS_CPE65.jpg,,,,,,,,,,,,,,,,,,,,,,,,,,,,,,,,,,,,,,,,,,,,,,,,,,None,,,,,,,,,,,,,,,,,,,,,,,,,,,,,
AOS_TCP71006,None,UPC,Motor,Motor,OutdoorLiving,A.O. Smith,A.O. Smith,TCP71006,,Update,TCP71006,891.91,New,,0,,,,,,30,,,,,1,,,,False,,,,,,,,None,None,None,,None,,,,,,IN,,LB,,,,,,,,,Pumps,None,None,,,,,,,,,Pumps,https://s3-us-west-1.amazonaws.com/oppics/full/AOS/AOS_TCP71006.jpg,,,,,,,,,,,,,,,,,,,,,,,,,,,,,,,,,,,,,,,,,,,,,,,,,,None,,,,,,,,,,,,,,,,,,,,,,,,,,,,,
AOS_CPE67,None,UPC,Motor,Motor,OutdoorLiving,A.O. Smith,A.O. Smith,CPE67,,Update,CPE67,5001.16,New,,0,,,,,,30,,,,,1,,,,False,,,,,,,,None,None,None,,None,,,,,,IN,,LB,,,,,,,,,Pumps,None,None,,,,,,,,,Pumps,https://s3-us-west-1.amazonaws.com/oppics/full/AOS/AOS_CPE67.jpg,,,,,,,,,,,,,,,,,,,,,,,,,,,,,,,,,,,,,,,,,,,,,,,,,,None,,,,,,,,,,,,,,,,,,,,,,,,,,,,,
AOS_TCP71004,None,UPC,Motor,Motor,OutdoorLiving,A.O. Smith,A.O. Smith,TCP71004,,Update,TCP71004,528.31,New,,0,,,,,,30,,,,,1,,,,False,,,,,,,,None,None,None,,None,,,,,,IN,,LB,,,,,,,,,Pumps,None,None,,,,,,,,,Pumps,https://s3-us-west-1.amazonaws.com/oppics/full/AOS/AOS_TCP71004.jpg,,,,,,,,,,,,,,,,,,,,,,,,,,,,,,,,,,,,,,,,,,,,,,,,,,None,,,,,,,,,,,,,,,,,,,,,,,,,,,,,
AOS_CPE68,None,UPC,Motor,Motor,OutdoorLiving,A.O. Smith,A.O. Smith,CPE68,,Update,CPE68,4668.16,New,,0,,,,,,30,,,,,1,,,,False,,,,,,,,None,None,None,,None,,,,,,IN,,LB,,,,,,,,,Pumps,None,None,,,,,,,,,Pumps,https://s3-us-west-1.amazonaws.com/oppics/full/AOS/AOS_CPE68.jpg,,,,,,,,,,,,,,,,,,,,,,,,,,,,,,,,,,,,,,,,,,,,,,,,,,None,,,,,,,,,,,,,,,,,,,,,,,,,,,,,
AOS_H281,None,UPC,Motor,Motor,OutdoorLiving,A.O. Smith,A.O. Smith,H281,,Update,H281,221.88,New,,0,,,,,,30,,,,,1,,,,False,,,,,,,,None,None,None,,None,,,,,,IN,,LB,,,,,,,,,Pumps,None,None,,,,,,,,,Pumps,https://s3-us-west-1.amazonaws.com/oppics/full/AOS/AOS_H281.jpg,,,,,,,,,,,,,,,,,,,,,,,,,,,,,,,,,,,,,,,,,,,,,,,,,,None,,,,,,,,,,,,,,,,,,,,,,,,,,,,,
AOS_T3072,None,UPC,Motor,Motor,OutdoorLiving,A.O. Smith,A.O. Smith,T3072,,Update,T3072,242.08,New,,0,,,,,,30,,,,,1,,,,False,,,,,,,,None,None,None,,None,,,,,,IN,,LB,,,,,,,,,Pumps,None,None,,,,,,,,,Pumps,https://s3-us-west-1.amazonaws.com/oppics/full/AOS/AOS_T3072.jpg,,,,,,,,,,,,,,,,,,,,,,,,,,,,,,,,,,,,,,,,,,,,,,,,,,None,,,,,,,,,,,,,,,,,,,,,,,,,,,,,
AOS_BG854A,None,UPC,Motor,Motor,OutdoorLiving,A.O. Smith,A.O. Smith,BG854A,,Update,BG854A,273.3,New,,0,,,,,,30,,,,,1,,,,False,,,,,,,,None,None,None,,None,,,,,,IN,,LB,,,,,,,,,Pumps,None,None,,,,,,,,,Pumps,https://s3-us-west-1.amazonaws.com/oppics/full/AOS/AOS_BG854A.jpg,,,,,,,,,,,,,,,,,,,,,,,,,,,,,,,,,,,,,,,,,,,,,,,,,,None,,,,,,,,,,,,,,,,,,,,,,,,,,,,,
AOS_STS1102RV1,None,UPC,Motor,Motor,OutdoorLiving,A.O. Smith,A.O. Smith,STS1102RV1,,Update,STS1102RV1,349.54,New,,0,,,,,,30,,,,,1,,,,False,,,,,,,,None,None,None,,None,,,,,,IN,,LB,,,,,,,,,Pumps,None,None,,,,,,,,,Pumps,https://s3-us-west-1.amazonaws.com/oppics/full/AOS/AOS_STS1102RV1.jpg,,,,,,,,,,,,,,,,,,,,,,,,,,,,,,,,,,,,,,,,,,,,,,,,,,None,,,,,,,,,,,,,,,,,,,,,,,,,,,,,
AOS_BN51,None,UPC,Motor,Motor,OutdoorLiving,A.O. Smith,A.O. Smith,BN51,,Update,BN51,300.76,New,,0,,,,,,30,,,,,1,,,,False,,,,,,,,None,None,None,,None,,,,,,IN,,LB,,,,,,,,,Pumps,None,None,,,,,,,,,Pumps,https://s3-us-west-1.amazonaws.com/oppics/full/AOS/AOS_BN51.jpg,,,,,,,,,,,,,,,,,,,,,,,,,,,,,,,,,,,,,,,,,,,,,,,,,,None,,,,,,,,,,,,,,,,,,,,,,,,,,,,,
AOS_E378,None,UPC,Motor,Motor,OutdoorLiving,A.O. Smith,A.O. Smith,E378,,Update,E378,879.18,New,,0,,,,,,30,,,,,1,,,,False,,,,,,,,None,None,None,,None,,,,,,IN,,LB,,,,,,,,,Pumps,None,None,,,,,,,,,Pumps,https://s3-us-west-1.amazonaws.com/oppics/full/AOS/AOS_E378.jpg,,,,,,,,,,,,,,,,,,,,,,,,,,,,,,,,,,,,,,,,,,,,,,,,,,None,,,,,,,,,,,,,,,,,,,,,,,,,,,,,
AOS_E374,None,UPC,Motor,Motor,OutdoorLiving,A.O. Smith,A.O. Smith,E374,,Update,E374,790.9,New,,0,,,,,,30,,,,,1,,,,False,,,,,,,,None,None,None,,None,,,,,,IN,,LB,,,,,,,,,Pumps,None,None,,,,,,,,,Pumps,https://s3-us-west-1.amazonaws.com/oppics/full/AOS/AOS_E374.jpg,,,,,,,,,,,,,,,,,,,,,,,,,,,,,,,,,,,,,,,,,,,,,,,,,,None,,,,,,,,,,,,,,,,,,,,,,,,,,,,,
AOS_CPE22,None,UPC,Motor,Motor,OutdoorLiving,A.O. Smith,A.O. Smith,CPE22,,Update,CPE22,483.14,New,,0,,,,,,30,,,,,1,,,,False,,,,,,,,None,None,None,,None,,,,,,IN,,LB,,,,,,,,,Pumps,None,None,,,,,,,,,Pumps,https://s3-us-west-1.amazonaws.com/oppics/full/AOS/AOS_CPE22.jpg,,,,,,,,,,,,,,,,,,,,,,,,,,,,,,,,,,,,,,,,,,,,,,,,,,None,,,,,,,,,,,,,,,,,,,,,,,,,,,,,
AOS_N419,None,UPC,Motor,Motor,OutdoorLiving,A.O. Smith,A.O. Smith,N419,,Update,N419,2134.84,New,,0,,,,,,30,,,,,1,,,,False,,,,,,,,None,None,None,,None,,,,,,IN,,LB,,,,,,,,,Pumps,None,None,,,,,,,,,Pumps,https://s3-us-west-1.amazonaws.com/oppics/full/AOS/AOS_N419.jpg,,,,,,,,,,,,,,,,,,,,,,,,,,,,,,,,,,,,,,,,,,,,,,,,,,None,,,,,,,,,,,,,,,,,,,,,,,,,,,,,
